epoch,train_loss,val_loss,val_rmse,val_mae,val_nasa
1,4331.4585801377125,301.7709952984537,17.417800072884223,14.012201175896227,42099.85653275135
