{
  "features": [
    "op_setting_1",
    "op_setting_2",
    "op_setting_3",
    "sensor_1",
    "sensor_2",
    "sensor_3",
    "sensor_4",
    "sensor_5",
    "sensor_6",
    "sensor_7",
    "sensor_8",
    "sensor_9",
    "sensor_10",
    "sensor_11",
    "sensor_12",
    "sensor_13",
    "sensor_14",
    "sensor_15",
    "sensor_16",
    "sensor_17",
    "sensor_18",
    "sensor_19",
    "sensor_20",
    "sensor_21"
  ],
  "mean": {
    "op_setting_1": -4.603461637819685e-05,
    "op_setting_2": 5.461121157323691e-06,
    "op_setting_3": 100.0,
    "sensor_1": 518.67,
    "sensor_2": 642.4786551278739,
    "sensor_3": 1588.418968225265,
    "sensor_4": 1404.909871351072,
    "sensor_5": 14.620000000000001,
    "sensor_6": 21.597486954275382,
    "sensor_7": 555.1914885042623,
    "sensor_8": 2388.084823043141,
    "sensor_9": 9064.549022474814,
    "sensor_10": 1.301218806509946,
    "sensor_11": 47.42932782226815,
    "sensor_12": 523.0995608369931,
    "sensor_13": 2388.0848416429862,
    "sensor_14": 8144.4497385688455,
    "sensor_15": 8.397445254456212,
    "sensor_16": 0.03000000000000001,
    "sensor_17": 392.6567811934901,
    "sensor_18": 2388.0,
    "sensor_19": 100.0,
    "sensor_20": 38.986175148540426,
    "sensor_21": 23.391194228881428
  },
  "std": {
    "op_setting_1": 0.0021940489620056263,
    "op_setting_2": 0.0002934356971631148,
    "op_setting_3": 1.0,
    "sensor_1": 1.0,
    "sensor_2": 0.5213183857906774,
    "sensor_3": 6.641643765188415,
    "sensor_4": 9.706118729944324,
    "sensor_5": 1.7763568394002505e-15,
    "sensor_6": 0.017779855104319325,
    "sensor_7": 3.371052192006118,
    "sensor_8": 0.13570685597303547,
    "sensor_9": 19.172117657533494,
    "sensor_10": 0.0034677415467862767,
    "sensor_11": 0.29721820186158787,
    "sensor_12": 3.1878376519557556,
    "sensor_13": 0.13536463755835462,
    "sensor_14": 15.926101048431937,
    "sensor_15": 0.06085714955200441,
    "sensor_16": 1.0408340855860843e-17,
    "sensor_17": 1.718575065772855,
    "sensor_18": 1.0,
    "sensor_19": 1.0,
    "sensor_20": 0.250595956810866,
    "sensor_21": 0.15047848231268898
  }
}