{
  "group": "G4",
  "scenario": "A_sigma_3",
  "seed": 1,
  "a_tag": "a_0p02",
  "linex_a": 0.02,
  "best_epoch": 14,
  "best_val_rmse": 4.921802520751953,
  "train_run_id": "20260327_232032_409349",
  "train_config": {
    "output_root": "outputs_v2/round8_toy_mechanism",
    "sequence_length": 50,
    "batch_size": 256,
    "epochs": 20,
    "lr": 0.001,
    "weight_decay": 1e-05,
    "hidden_size": 64,
    "lstm_layers": 2,
    "dropout": 0.2,
    "cnn_channels": 64,
    "cnn_kernel_size": 5,
    "dense_size": 64,
    "grad_clip": 5.0,
    "mcd_samples": 50,
    "linex_a": 0.04,
    "seed_list": [
      0,
      1,
      2
    ],
    "num_workers": 0
  },
  "metrics": {
    "rmse": 3.670217752456665,
    "mae": 2.709357738494873,
    "nasa": 1489.2535400390625,
    "bias": -1.119000792503357,
    "over_rate": 0.351894374282434,
    "danger_over_5": 0.03731343283582089,
    "danger_over_10": 0.0015308075009567547,
    "pred_std_mean": 5.696562767028809,
    "pred_std_p90": 10.222304344177246
  },
  "group_settings": {
    "loss": "linex",
    "use_mcd": true
  },
  "scaler": {
    "mean": [
      0.5370655059814453,
      -0.005694359540939331,
      0.43241849541664124,
      0.5313096046447754,
      0.2588871717453003,
      0.0025511523708701134
    ],
    "std": [
      0.3089427649974823,
      0.0017788768745958805,
      0.37778377532958984,
      0.3843550384044647,
      0.28887560963630676,
      0.0434134416282177
    ]
  }
}