{
  "features": [
    "op_setting_1",
    "op_setting_2",
    "op_setting_3",
    "sensor_1",
    "sensor_2",
    "sensor_3",
    "sensor_4",
    "sensor_5",
    "sensor_6",
    "sensor_7",
    "sensor_8",
    "sensor_9",
    "sensor_10",
    "sensor_11",
    "sensor_12",
    "sensor_13",
    "sensor_14",
    "sensor_15",
    "sensor_16",
    "sensor_17",
    "sensor_18",
    "sensor_19",
    "sensor_20",
    "sensor_21"
  ],
  "mean": {
    "op_setting_1": -2.225266513898576e-05,
    "op_setting_2": 5.165886220982366e-06,
    "op_setting_3": 100.0,
    "sensor_1": 518.67,
    "sensor_2": 642.459192985952,
    "sensor_3": 1588.0478409883428,
    "sensor_4": 1404.5373239015642,
    "sensor_5": 14.620000000000003,
    "sensor_6": 21.594897379695126,
    "sensor_7": 555.0352794659759,
    "sensor_8": 2388.0671669821663,
    "sensor_9": 9063.729566603566,
    "sensor_10": 1.3012065358174756,
    "sensor_11": 47.41796901464581,
    "sensor_12": 522.9484975590316,
    "sensor_13": 2388.0672775729795,
    "sensor_14": 8143.830808010361,
    "sensor_15": 8.39754018631065,
    "sensor_16": 0.030000000000000013,
    "sensor_17": 392.56326591611037,
    "sensor_18": 2388.0,
    "sensor_19": 100.0,
    "sensor_20": 38.98108100029889,
    "sensor_21": 23.38816693235031
  },
  "std": {
    "op_setting_1": 0.00219062588594381,
    "op_setting_2": 0.00029393713347878426,
    "op_setting_3": 1.0,
    "sensor_1": 1.0,
    "sensor_2": 0.5282343793698896,
    "sensor_3": 6.9162007691383085,
    "sensor_4": 9.887500232458464,
    "sensor_5": 3.552713678800501e-15,
    "sensor_6": 0.019046775197406603,
    "sensor_7": 3.4487327384641997,
    "sensor_8": 0.1664140404898651,
    "sensor_9": 20.30974424211458,
    "sensor_10": 0.0034575501311294205,
    "sensor_11": 0.3042757876385601,
    "sensor_12": 3.263634227872001,
    "sensor_13": 0.16611966085864371,
    "sensor_14": 16.816232869741217,
    "sensor_15": 0.060806687769180155,
    "sensor_16": 1.3877787807814457e-17,
    "sensor_17": 1.785360975606357,
    "sensor_18": 1.0,
    "sensor_19": 1.0,
    "sensor_20": 0.2494097388010003,
    "sensor_21": 0.14912663066061546
  }
}