{
  "group": "G1",
  "num_runs": 5,
  "rmse_mean": 15.934514356008734,
  "rmse_std": 0.852837093205179,
  "mae_mean": 11.620792460441589,
  "mae_std": 0.6402387084925041,
  "nasa_mean": 509.16269159641433,
  "nasa_std": 159.17635391013755,
  "val_rmse_mean": 11.754117131079356,
  "val_rmse_std": 1.0105286173860528,
  "val_mae_mean": 7.779518913395563,
  "val_mae_std": 0.935352597664428,
  "val_nasa_mean": 10217.493989080349,
  "val_nasa_std": 1357.3698563935573,
  "best_seed": 21,
  "best_run_dir": "seed_21",
  "best_rmse": 14.863513172073645
}