group,seed,mc_samples_test,pred_std_mean,pred_std_std
G2,42,2,1.746309518814087,1.3071268796920776
G4,42,2,2.246657609939575,1.6650525331497192
