{
  "features": [
    "op_setting_1",
    "op_setting_2",
    "op_setting_3",
    "sensor_1",
    "sensor_2",
    "sensor_3",
    "sensor_4",
    "sensor_5",
    "sensor_6",
    "sensor_7",
    "sensor_8",
    "sensor_9",
    "sensor_10",
    "sensor_11",
    "sensor_12",
    "sensor_13",
    "sensor_14",
    "sensor_15",
    "sensor_16",
    "sensor_17",
    "sensor_18",
    "sensor_19",
    "sensor_20",
    "sensor_21"
  ],
  "mean": {
    "op_setting_1": 23.983613507904536,
    "op_setting_2": 0.5710353516856904,
    "op_setting_3": 94.0295835113634,
    "sensor_1": 472.92320962786624,
    "sensor_2": 579.4707025575292,
    "sensor_3": 1418.0353343913407,
    "sensor_4": 1202.049237013978,
    "sensor_5": 8.036063195588923,
    "sensor_6": 11.59631365846711,
    "sensor_7": 283.50582778896825,
    "sensor_8": 2228.7694807625794,
    "sensor_9": 8525.312831186799,
    "sensor_10": 1.0965773464363464,
    "sensor_11": 42.877149891147326,
    "sensor_12": 266.9037992634642,
    "sensor_13": 2334.4125471525363,
    "sensor_14": 8068.074330708662,
    "sensor_15": 9.285430035199088,
    "sensor_16": 0.023252558546460765,
    "sensor_17": 347.7951331664937,
    "sensor_18": 2228.6939713931106,
    "sensor_19": 97.75064558790618,
    "sensor_20": 20.876264013509935,
    "sensor_21": 12.52625828195894
  },
  "std": {
    "op_setting_1": 14.7853773793726,
    "op_setting_2": 0.31080220503835887,
    "op_setting_3": 14.253799019829069,
    "sensor_1": 26.447094825253465,
    "sensor_2": 37.3632766456386,
    "sensor_3": 106.22280482497591,
    "sensor_4": 119.36708038934722,
    "sensor_5": 3.6247017010745672,
    "sensor_6": 5.447034559020565,
    "sensor_7": 146.97009772411198,
    "sensor_8": 145.40761520987684,
    "sensor_9": 337.1729409723025,
    "sensor_10": 0.1277065996292794,
    "sensor_11": 3.2447645689497557,
    "sensor_12": 138.56439806267517,
    "sensor_13": 128.21392908273583,
    "sensor_14": 85.76063403141418,
    "sensor_15": 0.7507442058072074,
    "sensor_16": 0.004684703658338772,
    "sensor_17": 27.823123327545368,
    "sensor_18": 145.53274872784584,
    "sensor_19": 5.370118780720598,
    "sensor_20": 9.94214715443559,
    "sensor_21": 5.9661819752672764
  }
}