{
  "group": "G3",
  "scenario": "A_sigma_1",
  "seed": 1,
  "a_tag": "a_0p4",
  "linex_a": 0.4,
  "best_epoch": 13,
  "best_val_rmse": 7.259843349456787,
  "train_run_id": "20260327_225552_854857",
  "train_config": {
    "output_root": "outputs_v2/round8_toy_mechanism",
    "sequence_length": 50,
    "batch_size": 256,
    "epochs": 20,
    "lr": 0.001,
    "weight_decay": 1e-05,
    "hidden_size": 64,
    "lstm_layers": 2,
    "dropout": 0.2,
    "cnn_channels": 64,
    "cnn_kernel_size": 5,
    "dense_size": 64,
    "grad_clip": 5.0,
    "mcd_samples": 50,
    "linex_a": 0.04,
    "seed_list": [
      0,
      1,
      2
    ],
    "num_workers": 0
  },
  "metrics": {
    "rmse": 8.013053894042969,
    "mae": 6.145565509796143,
    "nasa": 4069.698974609375,
    "bias": -5.158397197723389,
    "over_rate": 0.21800679501698755,
    "danger_over_5": 0.020196300490751228,
    "danger_over_10": 0.00018875047187617969,
    "pred_std_mean": 0.0,
    "pred_std_p90": 0.0
  },
  "group_settings": {
    "loss": "linex",
    "use_mcd": false
  },
  "scaler": {
    "mean": [
      0.5344610214233398,
      -0.005479687824845314,
      0.4269653260707855,
      0.528392493724823,
      0.25802159309387207,
      -0.0013366317143663764
    ],
    "std": [
      0.29707688093185425,
      0.0017481950344517827,
      0.3593917787075043,
      0.36817753314971924,
      0.2795886993408203,
      0.049461204558610916
    ]
  }
}