epoch,train_loss,val_loss,val_rmse_det,val_mae_det,val_nasa_det
1,8482.749844637785,6094.995308168473,79.21053150547843,68.88744803381115,6549376.050833581
