{
  "features": [
    "op_setting_1",
    "op_setting_2",
    "op_setting_3",
    "sensor_1",
    "sensor_2",
    "sensor_3",
    "sensor_4",
    "sensor_5",
    "sensor_6",
    "sensor_7",
    "sensor_8",
    "sensor_9",
    "sensor_10",
    "sensor_11",
    "sensor_12",
    "sensor_13",
    "sensor_14",
    "sensor_15",
    "sensor_16",
    "sensor_17",
    "sensor_18",
    "sensor_19",
    "sensor_20",
    "sensor_21"
  ],
  "mean": {
    "op_setting_1": -3.8083462132921165e-06,
    "op_setting_2": 4.494590417310664e-06,
    "op_setting_3": 100.0,
    "sensor_1": 518.67,
    "sensor_2": 642.7066825347758,
    "sensor_3": 1590.7643357032457,
    "sensor_4": 1409.4279876352393,
    "sensor_5": 14.620000000000003,
    "sensor_6": 21.609829984544056,
    "sensor_7": 553.3158689335394,
    "sensor_8": 2388.101864605873,
    "sensor_9": 9064.46197774343,
    "sensor_10": 1.3000000000000005,
    "sensor_11": 47.55674374034004,
    "sensor_12": 521.3690695517776,
    "sensor_13": 2388.1012123647606,
    "sensor_14": 8142.922255950541,
    "sensor_15": 8.444000445131376,
    "sensor_16": 0.030000000000000013,
    "sensor_17": 393.27851622874806,
    "sensor_18": 2388.0,
    "sensor_19": 100.0,
    "sensor_20": 38.8072741885626,
    "sensor_21": 23.284277842349304
  },
  "std": {
    "op_setting_1": 0.002185015505847927,
    "op_setting_2": 0.00029312189922778433,
    "op_setting_3": 1.0,
    "sensor_1": 1.0,
    "sensor_2": 0.49258165343978866,
    "sensor_3": 6.079899572287047,
    "sensor_4": 8.886188670164708,
    "sensor_5": 3.552713678800501e-15,
    "sensor_6": 0.001292768078288861,
    "sensor_7": 0.8718309523100326,
    "sensor_8": 0.07013837658054718,
    "sensor_9": 22.11989360918651,
    "sensor_10": 4.440892098500626e-16,
    "sensor_11": 0.26316583975711405,
    "sensor_12": 0.7281595395932994,
    "sensor_13": 0.07109378420887223,
    "sensor_14": 19.14300309652732,
    "sensor_15": 0.03704296528467465,
    "sensor_16": 1.3877787807814457e-17,
    "sensor_17": 1.5293175006836774,
    "sensor_18": 1.0,
    "sensor_19": 1.0,
    "sensor_20": 0.17863032362310582,
    "sensor_21": 0.10685515294931071
  }
}