{
  "features": [
    "op_setting_1",
    "op_setting_2",
    "op_setting_3",
    "sensor_1",
    "sensor_2",
    "sensor_3",
    "sensor_4",
    "sensor_5",
    "sensor_6",
    "sensor_7",
    "sensor_8",
    "sensor_9",
    "sensor_10",
    "sensor_11",
    "sensor_12",
    "sensor_13",
    "sensor_14",
    "sensor_15",
    "sensor_16",
    "sensor_17",
    "sensor_18",
    "sensor_19",
    "sensor_20",
    "sensor_21"
  ],
  "mean": {
    "op_setting_1": 23.988487165500207,
    "op_setting_2": 0.5712338616714697,
    "op_setting_3": 94.03952243721696,
    "sensor_1": 472.92299341292704,
    "sensor_2": 579.4693351173322,
    "sensor_3": 1417.9239306298891,
    "sensor_4": 1201.8922163441746,
    "sensor_5": 8.036032317826265,
    "sensor_6": 11.595900782214903,
    "sensor_7": 283.5002772745986,
    "sensor_8": 2228.8491683820503,
    "sensor_9": 8525.097777068753,
    "sensor_10": 1.0964637710992178,
    "sensor_11": 42.87240634005764,
    "sensor_12": 266.89532667764513,
    "sensor_13": 2334.4986261836148,
    "sensor_14": 8067.872918690819,
    "sensor_15": 9.28466582338411,
    "sensor_16": 0.023251543845203792,
    "sensor_17": 347.77223137093455,
    "sensor_18": 2228.777068752573,
    "sensor_19": 97.7543900782215,
    "sensor_20": 20.8763742280774,
    "sensor_21": 12.526521615891314
  },
  "std": {
    "op_setting_1": 14.786642690458688,
    "op_setting_2": 0.3108900145454045,
    "op_setting_3": 14.244009608775245,
    "sensor_1": 26.459537462695124,
    "sensor_2": 37.36855464698053,
    "sensor_3": 106.21255493395263,
    "sensor_4": 119.36803659010057,
    "sensor_5": 3.6259109652468724,
    "sensor_6": 5.448562416073425,
    "sensor_7": 146.99754348203328,
    "sensor_8": 145.3356690947783,
    "sensor_9": 337.0514525446993,
    "sensor_10": 0.12768014431181093,
    "sensor_11": 3.2439477665271537,
    "sensor_12": 138.59009913131447,
    "sensor_13": 128.1255626715586,
    "sensor_14": 85.63440036006541,
    "sensor_15": 0.7499885353709527,
    "sensor_16": 0.004684325039400579,
    "sensor_17": 27.82398313445497,
    "sensor_18": 145.46145816022403,
    "sensor_19": 5.366430620106071,
    "sensor_20": 9.944626916644495,
    "sensor_21": 5.967466788880741
  }
}