{
  "features": [
    "op_setting_1",
    "op_setting_2",
    "op_setting_3",
    "sensor_1",
    "sensor_2",
    "sensor_3",
    "sensor_4",
    "sensor_5",
    "sensor_6",
    "sensor_7",
    "sensor_8",
    "sensor_9",
    "sensor_10",
    "sensor_11",
    "sensor_12",
    "sensor_13",
    "sensor_14",
    "sensor_15",
    "sensor_16",
    "sensor_17",
    "sensor_18",
    "sensor_19",
    "sensor_20",
    "sensor_21"
  ],
  "mean": {
    "op_setting_1": 24.0219768005942,
    "op_setting_2": 0.5729501311422139,
    "op_setting_3": 94.04219761855025,
    "sensor_1": 472.8861530069865,
    "sensor_2": 579.6439268388925,
    "sensor_3": 1419.9148747765942,
    "sensor_4": 1205.3234674929786,
    "sensor_5": 8.026903418981965,
    "sensor_6": 11.592940138801849,
    "sensor_7": 282.3756964463942,
    "sensor_8": 2228.791030336792,
    "sensor_9": 8524.8883796393,
    "sensor_10": 1.0946319894157788,
    "sensor_11": 42.983750899426695,
    "sensor_12": 265.85213610937024,
    "sensor_13": 2334.5237676113547,
    "sensor_14": 8066.510425457836,
    "sensor_15": 9.33131061903767,
    "sensor_16": 0.023321031497342343,
    "sensor_17": 348.28783975117796,
    "sensor_18": 2228.717359515354,
    "sensor_19": 97.75539795278881,
    "sensor_20": 20.77337023884131,
    "sensor_21": 12.463914855047234
  },
  "std": {
    "op_setting_1": 14.72747943501706,
    "op_setting_2": 0.30954419582953885,
    "op_setting_3": 14.241372337018015,
    "sensor_1": 26.36620549634248,
    "sensor_2": 37.25951880604652,
    "sensor_3": 105.85315587141535,
    "sensor_4": 118.9856620149637,
    "sensor_5": 3.60895944083591,
    "sensor_6": 5.424336496300797,
    "sensor_7": 145.79856977582224,
    "sensor_8": 145.19764160517943,
    "sensor_9": 335.52683706616534,
    "sensor_10": 0.12726716951832848,
    "sensor_11": 3.2302902616902487,
    "sensor_12": 137.46308177338068,
    "sensor_13": 128.10137777008597,
    "sensor_14": 84.8611442015036,
    "sensor_15": 0.7489316714243992,
    "sensor_16": 0.004709677777415721,
    "sensor_17": 27.730186536446002,
    "sensor_18": 145.31549526479003,
    "sensor_19": 5.3654370279715335,
    "sensor_20": 9.85562364585196,
    "sensor_21": 5.913247311814864
  }
}