{
  "features": [
    "op_setting_1",
    "op_setting_2",
    "op_setting_3",
    "sensor_1",
    "sensor_2",
    "sensor_3",
    "sensor_4",
    "sensor_5",
    "sensor_6",
    "sensor_7",
    "sensor_8",
    "sensor_9",
    "sensor_10",
    "sensor_11",
    "sensor_12",
    "sensor_13",
    "sensor_14",
    "sensor_15",
    "sensor_16",
    "sensor_17",
    "sensor_18",
    "sensor_19",
    "sensor_20",
    "sensor_21"
  ],
  "mean": {
    "op_setting_1": -2.1085881160975033e-05,
    "op_setting_2": 4.1718815185648735e-06,
    "op_setting_3": 100.0,
    "sensor_1": 518.67,
    "sensor_2": 642.6814172477501,
    "sensor_3": 1590.5250646641634,
    "sensor_4": 1408.954103939448,
    "sensor_5": 14.620000000000003,
    "sensor_6": 21.60980272960248,
    "sensor_7": 553.3662989451099,
    "sensor_8": 2388.0968389057753,
    "sensor_9": 9064.848749031526,
    "sensor_10": 1.3000000000000003,
    "sensor_11": 47.54125871625245,
    "sensor_12": 521.4108731152035,
    "sensor_13": 2388.096515882949,
    "sensor_14": 8143.364420406461,
    "sensor_15": 8.442091697955776,
    "sensor_16": 0.030000000000000013,
    "sensor_17": 393.2091900590023,
    "sensor_18": 2388.0,
    "sensor_19": 100.0,
    "sensor_20": 38.81593420346862,
    "sensor_21": 23.289709619166818
  },
  "std": {
    "op_setting_1": 0.0021859868797619265,
    "op_setting_2": 0.0002924327174419928,
    "op_setting_3": 1.0,
    "sensor_1": 1.0,
    "sensor_2": 0.5000813389855251,
    "sensor_3": 6.121097238943066,
    "sensor_4": 8.988404607656955,
    "sensor_5": 3.552713678800501e-15,
    "sensor_6": 0.0013906071930880968,
    "sensor_7": 0.8879956908067922,
    "sensor_8": 0.07054720246281856,
    "sensor_9": 21.033950657675167,
    "sensor_10": 2.220446049250313e-16,
    "sensor_11": 0.2672358877879984,
    "sensor_12": 0.7388285906256598,
    "sensor_13": 0.07150086511510562,
    "sensor_14": 18.11991792656144,
    "sensor_15": 0.03749169366935334,
    "sensor_16": 1.3877787807814457e-17,
    "sensor_17": 1.5485804371546323,
    "sensor_18": 1.0,
    "sensor_19": 1.0,
    "sensor_20": 0.18084603462312224,
    "sensor_21": 0.10840601963232657
  }
}