{
  "group": "G4",
  "scenario": "A_sigma_3",
  "seed": 1,
  "a_tag": "a_0p09",
  "linex_a": 0.09,
  "best_epoch": 7,
  "best_val_rmse": 4.3593525886535645,
  "train_run_id": "20260327_234454_427307",
  "train_config": {
    "output_root": "outputs_v2/round8_toy_mechanism",
    "sequence_length": 50,
    "batch_size": 256,
    "epochs": 20,
    "lr": 0.001,
    "weight_decay": 1e-05,
    "hidden_size": 64,
    "lstm_layers": 2,
    "dropout": 0.2,
    "cnn_channels": 64,
    "cnn_kernel_size": 5,
    "dense_size": 64,
    "grad_clip": 5.0,
    "mcd_samples": 50,
    "linex_a": 0.04,
    "seed_list": [
      0,
      1,
      2
    ],
    "num_workers": 0
  },
  "metrics": {
    "rmse": 4.202024936676025,
    "mae": 3.3212385177612305,
    "nasa": 1877.8515625,
    "bias": -1.1934131383895874,
    "over_rate": 0.36452353616532723,
    "danger_over_5": 0.06352851128970533,
    "danger_over_10": 0.006697282816685802,
    "pred_std_mean": 5.749645709991455,
    "pred_std_p90": 10.15450668334961
  },
  "group_settings": {
    "loss": "linex",
    "use_mcd": true
  },
  "scaler": {
    "mean": [
      0.5370655059814453,
      -0.005694359540939331,
      0.43241849541664124,
      0.5313096046447754,
      0.2588871717453003,
      0.0025511523708701134
    ],
    "std": [
      0.3089427649974823,
      0.0017788768745958805,
      0.37778377532958984,
      0.3843550384044647,
      0.28887560963630676,
      0.0434134416282177
    ]
  }
}