{
  "group": "G3",
  "num_runs": 5,
  "rmse_mean": 15.021551727155057,
  "rmse_std": 0.8197446387974456,
  "mae_mean": 10.61856852531433,
  "mae_std": 0.7486478125210936,
  "nasa_mean": 518.3083839131716,
  "nasa_std": 113.23651689225416,
  "val_rmse_mean": 11.596618353453556,
  "val_rmse_std": 0.38615214301628087,
  "val_mae_mean": 7.67043905076297,
  "val_mae_std": 0.253328747111149,
  "val_nasa_mean": 9578.220476614904,
  "val_nasa_std": 1503.062129272701,
  "best_seed": 7,
  "best_run_dir": "seed_7_a_0.04",
  "best_rmse": 13.747908981633728,
  "best_linex_a": 0.04
}