{
  "group": "G2",
  "num_runs": 5,
  "rmse_mean": 15.4511931184719,
  "rmse_std": 0.9690686266799606,
  "mae_mean": 11.214050487518312,
  "mae_std": 0.7082431548753141,
  "nasa_mean": 526.9067998382136,
  "nasa_std": 209.90570599888994,
  "val_rmse_mean": 13.241462016460556,
  "val_rmse_std": 0.5208352036626573,
  "val_mae_mean": 9.861204404136881,
  "val_mae_std": 0.45239359963312936,
  "val_nasa_mean": 12748.931881945071,
  "val_nasa_std": 2175.439509352962,
  "pred_std_mean_mean": 13.210736274719238,
  "pred_std_mean_std": 0.36186398422171545,
  "best_seed": 7,
  "best_run_dir": "seed_7",
  "best_rmse": 14.569152756664046
}