{
  "features": [
    "op_setting_1",
    "op_setting_2",
    "op_setting_3",
    "sensor_1",
    "sensor_2",
    "sensor_3",
    "sensor_4",
    "sensor_5",
    "sensor_6",
    "sensor_7",
    "sensor_8",
    "sensor_9",
    "sensor_10",
    "sensor_11",
    "sensor_12",
    "sensor_13",
    "sensor_14",
    "sensor_15",
    "sensor_16",
    "sensor_17",
    "sensor_18",
    "sensor_19",
    "sensor_20",
    "sensor_21"
  ],
  "mean": {
    "op_setting_1": 23.984311173275145,
    "op_setting_2": 0.571683178568112,
    "op_setting_3": 94.07373015136038,
    "sensor_1": 472.9452446838146,
    "sensor_2": 579.7451984863961,
    "sensor_3": 1420.2165860339865,
    "sensor_4": 1205.7428387036866,
    "sensor_5": 8.036723465502831,
    "sensor_6": 11.608751044665244,
    "sensor_7": 282.8473525861269,
    "sensor_8": 2229.2001773609436,
    "sensor_9": 8526.216790788374,
    "sensor_10": 1.0951882718915407,
    "sensor_11": 42.99397367443588,
    "sensor_12": 266.2966099452131,
    "sensor_13": 2334.809808478039,
    "sensor_14": 8067.055437134367,
    "sensor_15": 9.328230929055623,
    "sensor_16": 0.023329928498467826,
    "sensor_17": 348.37631163524935,
    "sensor_18": 2229.1244544525953,
    "sensor_19": 97.76727783452502,
    "sensor_20": 20.804318413966016,
    "sensor_21": 12.482308789116908
  },
  "std": {
    "op_setting_1": 14.762109323160594,
    "op_setting_2": 0.31040278572226027,
    "op_setting_3": 14.210211807946056,
    "sensor_1": 26.419584969806177,
    "sensor_2": 37.31269872136765,
    "sensor_3": 105.95074506338347,
    "sensor_4": 119.15951450428034,
    "sensor_5": 3.618439258008145,
    "sensor_6": 5.4385120959305535,
    "sensor_7": 146.16974957120448,
    "sensor_8": 145.03362932829467,
    "sensor_9": 335.8685476106281,
    "sensor_10": 0.12750654987054025,
    "sensor_11": 3.2303457334434142,
    "sensor_12": 137.8158001083859,
    "sensor_13": 127.82022587353099,
    "sensor_14": 84.76760291709482,
    "sensor_15": 0.7486327176615205,
    "sensor_16": 0.0047128400333312885,
    "sensor_17": 27.757134904881454,
    "sensor_18": 145.1527024690614,
    "sensor_19": 5.353697298643675,
    "sensor_20": 9.880264710407127,
    "sensor_21": 5.928359449179404
  }
}