{
  "features": [
    "op_setting_1",
    "op_setting_2",
    "op_setting_3",
    "sensor_1",
    "sensor_2",
    "sensor_3",
    "sensor_4",
    "sensor_5",
    "sensor_6",
    "sensor_7",
    "sensor_8",
    "sensor_9",
    "sensor_10",
    "sensor_11",
    "sensor_12",
    "sensor_13",
    "sensor_14",
    "sensor_15",
    "sensor_16",
    "sensor_17",
    "sensor_18",
    "sensor_19",
    "sensor_20",
    "sensor_21"
  ],
  "mean": {
    "op_setting_1": 23.97837897847366,
    "op_setting_2": 0.5711036055077877,
    "op_setting_3": 94.02762102152634,
    "sensor_1": 472.90974677310135,
    "sensor_2": 579.4583332991319,
    "sensor_3": 1418.0701959738153,
    "sensor_4": 1202.176500174427,
    "sensor_5": 8.035564425109271,
    "sensor_6": 11.59545504914736,
    "sensor_7": 283.46667460138315,
    "sensor_8": 2228.717637027765,
    "sensor_9": 8524.656509819211,
    "sensor_10": 1.0965793847858651,
    "sensor_11": 42.88119041267366,
    "sensor_12": 266.8657333114445,
    "sensor_13": 2334.38958199093,
    "sensor_14": 8067.531385770865,
    "sensor_15": 9.286159389300446,
    "sensor_16": 0.023263836161786133,
    "sensor_17": 347.80322587264783,
    "sensor_18": 2228.647165048942,
    "sensor_19": 97.74990621986007,
    "sensor_20": 20.87373191602881,
    "sensor_21": 12.524604463277997
  },
  "std": {
    "op_setting_1": 14.767538018352742,
    "op_setting_2": 0.3105434505212479,
    "op_setting_3": 14.255730373307163,
    "sensor_1": 26.413626373417163,
    "sensor_2": 37.32345626439043,
    "sensor_3": 106.13003117131076,
    "sensor_4": 119.27838549077295,
    "sensor_5": 3.618925444585502,
    "sensor_6": 5.438577800190934,
    "sensor_7": 146.74069123601487,
    "sensor_8": 145.38252713667822,
    "sensor_9": 336.76293205281644,
    "sensor_10": 0.1276666809530989,
    "sensor_11": 3.243806581181728,
    "sensor_12": 138.34621197110388,
    "sensor_13": 128.23331460265464,
    "sensor_14": 85.64811557171231,
    "sensor_15": 0.7504148591444342,
    "sensor_16": 0.004688894872662265,
    "sensor_17": 27.79840777986731,
    "sensor_18": 145.5043972139085,
    "sensor_19": 5.370846418143471,
    "sensor_20": 9.926355384356894,
    "sensor_21": 5.956568793690791
  }
}