{
  "features": [
    "op_setting_1",
    "op_setting_2",
    "op_setting_3",
    "sensor_1",
    "sensor_2",
    "sensor_3",
    "sensor_4",
    "sensor_5",
    "sensor_6",
    "sensor_7",
    "sensor_8",
    "sensor_9",
    "sensor_10",
    "sensor_11",
    "sensor_12",
    "sensor_13",
    "sensor_14",
    "sensor_15",
    "sensor_16",
    "sensor_17",
    "sensor_18",
    "sensor_19",
    "sensor_20",
    "sensor_21"
  ],
  "mean": {
    "op_setting_1": 24.036479043294225,
    "op_setting_2": 0.5716600591776769,
    "op_setting_3": 94.0468900897939,
    "sensor_1": 472.8182550804447,
    "sensor_2": 579.3504294491134,
    "sensor_3": 1417.7066248176384,
    "sensor_4": 1201.6966624201204,
    "sensor_5": 8.02343004499969,
    "sensor_6": 11.577566318038919,
    "sensor_7": 283.0052290052808,
    "sensor_8": 2228.657870836501,
    "sensor_9": 8524.157191937044,
    "sensor_10": 1.096229066924199,
    "sensor_11": 42.87082725460784,
    "sensor_12": 266.43119259457126,
    "sensor_13": 2334.5634117574537,
    "sensor_14": 8067.805423592989,
    "sensor_15": 9.286607278032342,
    "sensor_16": 0.02324388189121993,
    "sensor_17": 347.7082828199807,
    "sensor_18": 2228.5872151560607,
    "sensor_19": 97.75716584132986,
    "sensor_20": 20.8417313580044,
    "sensor_21": 12.505297376045371
  },
  "std": {
    "op_setting_1": 14.799772061955883,
    "op_setting_2": 0.3108891966402938,
    "op_setting_3": 14.23674396781967,
    "sensor_1": 26.457830805566452,
    "sensor_2": 37.3462640982299,
    "sensor_3": 106.12904358823745,
    "sensor_4": 119.337826706132,
    "sensor_5": 3.6271736422955994,
    "sensor_6": 5.449571830378864,
    "sensor_7": 146.97487254348627,
    "sensor_8": 145.1849715985753,
    "sensor_9": 336.8186143134484,
    "sensor_10": 0.12771429383709482,
    "sensor_11": 3.2412224503012896,
    "sensor_12": 138.56809487938744,
    "sensor_13": 128.06029105255732,
    "sensor_14": 85.58626913293769,
    "sensor_15": 0.7497003440865988,
    "sensor_16": 0.0046814580194651624,
    "sensor_17": 27.803529567665763,
    "sensor_18": 145.31044298166321,
    "sensor_19": 5.363693289876058,
    "sensor_20": 9.943806195579453,
    "sensor_21": 5.967151701844683
  }
}