{
  "group": "G4",
  "scenario": "A_sigma_1",
  "seed": 2,
  "a_tag": "a_0p02",
  "linex_a": 0.02,
  "best_epoch": 12,
  "best_val_rmse": 3.041688919067383,
  "train_run_id": "20260327_225349_820463",
  "train_config": {
    "output_root": "outputs_v2/round8_toy_mechanism",
    "sequence_length": 50,
    "batch_size": 256,
    "epochs": 20,
    "lr": 0.001,
    "weight_decay": 1e-05,
    "hidden_size": 64,
    "lstm_layers": 2,
    "dropout": 0.2,
    "cnn_channels": 64,
    "cnn_kernel_size": 5,
    "dense_size": 64,
    "grad_clip": 5.0,
    "mcd_samples": 50,
    "linex_a": 0.04,
    "seed_list": [
      0,
      1,
      2
    ],
    "num_workers": 0
  },
  "metrics": {
    "rmse": 4.856905460357666,
    "mae": 2.901804208755493,
    "nasa": 2087.306640625,
    "bias": -0.6613624095916748,
    "over_rate": 0.4637599093997735,
    "danger_over_5": 0.050585126462816155,
    "danger_over_10": 0.0056625141562853904,
    "pred_std_mean": 5.557562351226807,
    "pred_std_p90": 9.74945526123047
  },
  "group_settings": {
    "loss": "linex",
    "use_mcd": true
  },
  "scaler": {
    "mean": [
      0.5344610214233398,
      -0.005479687824845314,
      0.4269653260707855,
      0.528392493724823,
      0.25802159309387207,
      -0.0013366317143663764
    ],
    "std": [
      0.29707688093185425,
      0.0017481950344517827,
      0.3593917787075043,
      0.36817753314971924,
      0.2795886993408203,
      0.049461204558610916
    ]
  }
}