{
  "group": "G4",
  "num_runs": 5,
  "rmse_mean": 14.782587377443736,
  "rmse_std": 0.3776201091157418,
  "mae_mean": 10.88734461402893,
  "mae_std": 0.27869121469640445,
  "nasa_mean": 376.890592818285,
  "nasa_std": 59.91748153003418,
  "pred_std_mean_mean": 10.776022949695587,
  "pred_std_mean_std": 0.5616945584564458,
  "pred_std_std_mean": 6.261771498493525,
  "pred_std_std_std": 0.44097552609677826,
  "abs_err_mean_mean": 10.88734461402893,
  "abs_err_mean_std": 0.27869121469640445,
  "pearson_unc_abs_err_mean": 0.2690108953449505,
  "pearson_unc_abs_err_std": 0.035527612183405936,
  "spearman_unc_abs_err_mean": 0.32427002700270025,
  "spearman_unc_abs_err_std": 0.062052371305953896,
  "ece_abs_err_vs_unc_mean": 4.208518947124481,
  "ece_abs_err_vs_unc_std": 0.48225121817241673,
  "top_bottom_error_ratio_mean": 2.7199994766973203,
  "top_bottom_error_ratio_std": 0.3458606739072228,
  "coverage_1sigma_mean": 0.548,
  "coverage_1sigma_std": 0.02135415650406262,
  "coverage_2sigma_mean": 0.8,
  "coverage_2sigma_std": 0.010954451150103291
}