{
  "group": "G4",
  "scenario": "A_sigma_1",
  "seed": 0,
  "a_tag": "a_0p2",
  "linex_a": 0.2,
  "best_epoch": 17,
  "best_val_rmse": 4.858190536499023,
  "train_run_id": "20260327_230939_124680",
  "train_config": {
    "output_root": "outputs_v2/round8_toy_mechanism",
    "sequence_length": 50,
    "batch_size": 256,
    "epochs": 20,
    "lr": 0.001,
    "weight_decay": 1e-05,
    "hidden_size": 64,
    "lstm_layers": 2,
    "dropout": 0.2,
    "cnn_channels": 64,
    "cnn_kernel_size": 5,
    "dense_size": 64,
    "grad_clip": 5.0,
    "mcd_samples": 50,
    "linex_a": 0.04,
    "seed_list": [
      0,
      1,
      2
    ],
    "num_workers": 0
  },
  "metrics": {
    "rmse": 5.432928562164307,
    "mae": 4.158239364624023,
    "nasa": 2357.58984375,
    "bias": -3.357464551925659,
    "over_rate": 0.2287655719139298,
    "danger_over_5": 0.009626274065685165,
    "danger_over_10": 0.0,
    "pred_std_mean": 5.529413223266602,
    "pred_std_p90": 9.669455337524415
  },
  "group_settings": {
    "loss": "linex",
    "use_mcd": true
  },
  "scaler": {
    "mean": [
      0.5344610214233398,
      -0.005479687824845314,
      0.4269653260707855,
      0.528392493724823,
      0.25802159309387207,
      -0.0013366317143663764
    ],
    "std": [
      0.29707688093185425,
      0.0017481950344517827,
      0.3593917787075043,
      0.36817753314971924,
      0.2795886993408203,
      0.049461204558610916
    ]
  }
}