{
  "group": "G4",
  "scenario": "A_sigma_5",
  "seed": 1,
  "a_tag": "a_0p07",
  "linex_a": 0.07,
  "best_epoch": 16,
  "best_val_rmse": 4.508581161499023,
  "train_run_id": "20260328_001611_371720",
  "train_config": {
    "output_root": "outputs_v2/round8_toy_mechanism",
    "sequence_length": 50,
    "batch_size": 256,
    "epochs": 20,
    "lr": 0.001,
    "weight_decay": 1e-05,
    "hidden_size": 64,
    "lstm_layers": 2,
    "dropout": 0.2,
    "cnn_channels": 64,
    "cnn_kernel_size": 5,
    "dense_size": 64,
    "grad_clip": 5.0,
    "mcd_samples": 50,
    "linex_a": 0.04,
    "seed_list": [
      0,
      1,
      2
    ],
    "num_workers": 0
  },
  "metrics": {
    "rmse": 4.723532676696777,
    "mae": 3.4778523445129395,
    "nasa": 2132.80517578125,
    "bias": -0.2725802958011627,
    "over_rate": 0.47432859399684046,
    "danger_over_5": 0.10841232227488151,
    "danger_over_10": 0.0169826224328594,
    "pred_std_mean": 5.5764641761779785,
    "pred_std_p90": 10.055473613739013
  },
  "group_settings": {
    "loss": "linex",
    "use_mcd": true
  },
  "scaler": {
    "mean": [
      0.5336688160896301,
      -0.0053470199927687645,
      0.4236750900745392,
      0.5283626914024353,
      0.2664426565170288,
      0.0009800913976505399
    ],
    "std": [
      0.3297370672225952,
      0.001761515042744577,
      0.4001171588897705,
      0.4096904993057251,
      0.2960934638977051,
      0.04338177293539047
    ]
  }
}