{
  "features": [
    "op_setting_1",
    "op_setting_2",
    "op_setting_3",
    "sensor_1",
    "sensor_2",
    "sensor_3",
    "sensor_4",
    "sensor_5",
    "sensor_6",
    "sensor_7",
    "sensor_8",
    "sensor_9",
    "sensor_10",
    "sensor_11",
    "sensor_12",
    "sensor_13",
    "sensor_14",
    "sensor_15",
    "sensor_16",
    "sensor_17",
    "sensor_18",
    "sensor_19",
    "sensor_20",
    "sensor_21"
  ],
  "mean": {
    "op_setting_1": 23.997145923234154,
    "op_setting_2": 0.5711859620506679,
    "op_setting_3": 94.03464579935168,
    "sensor_1": 472.8917341482047,
    "sensor_2": 579.4419121260297,
    "sensor_3": 1418.0250525468173,
    "sensor_4": 1202.1273875250345,
    "sensor_5": 8.03275390745979,
    "sensor_6": 11.591908409555467,
    "sensor_7": 283.37618318088903,
    "sensor_8": 2228.7331563190387,
    "sensor_9": 8524.799381413499,
    "sensor_10": 1.0965122953358248,
    "sensor_11": 42.88076105134928,
    "sensor_12": 266.7805103958045,
    "sensor_13": 2334.454688951748,
    "sensor_14": 8067.753172836703,
    "sensor_15": 9.286445712633947,
    "sensor_16": 0.02325769619887267,
    "sensor_17": 347.79183614477733,
    "sensor_18": 2228.660851072616,
    "sensor_19": 97.75255280490576,
    "sensor_20": 20.866251109780524,
    "sensor_21": 12.519952088452088
  },
  "std": {
    "op_setting_1": 14.788991232186664,
    "op_setting_2": 0.31085907678136093,
    "op_setting_3": 14.24881459233505,
    "sensor_1": 26.450609565387026,
    "sensor_2": 37.35975008086208,
    "sensor_3": 106.21664722132256,
    "sensor_4": 119.41365601447104,
    "sensor_5": 3.625333355717584,
    "sensor_6": 5.4477711811252885,
    "sensor_7": 146.95521291177604,
    "sensor_8": 145.3446054556146,
    "sensor_9": 337.03204619237493,
    "sensor_10": 0.12770335331639,
    "sensor_11": 3.2447580082319494,
    "sensor_12": 138.55198936254465,
    "sensor_13": 128.16996985911365,
    "sensor_14": 85.72462936728732,
    "sensor_15": 0.7501182915265049,
    "sensor_16": 0.004686616846359135,
    "sensor_17": 27.821992165077,
    "sensor_18": 145.46735457439007,
    "sensor_19": 5.368240897662227,
    "sensor_20": 9.9413037239943,
    "sensor_21": 5.965574672376198
  }
}