{
  "features": [
    "op_setting_1",
    "op_setting_2",
    "op_setting_3",
    "sensor_1",
    "sensor_2",
    "sensor_3",
    "sensor_4",
    "sensor_5",
    "sensor_6",
    "sensor_7",
    "sensor_8",
    "sensor_9",
    "sensor_10",
    "sensor_11",
    "sensor_12",
    "sensor_13",
    "sensor_14",
    "sensor_15",
    "sensor_16",
    "sensor_17",
    "sensor_18",
    "sensor_19",
    "sensor_20",
    "sensor_21"
  ],
  "mean": {
    "op_setting_1": 23.94447702302098,
    "op_setting_2": 0.5708496595488444,
    "op_setting_3": 94.05160035203113,
    "sensor_1": 473.00191856964193,
    "sensor_2": 579.7920146834035,
    "sensor_3": 1420.2885168372784,
    "sensor_4": 1205.8362462365092,
    "sensor_5": 8.045140580851358,
    "sensor_6": 11.620488443188663,
    "sensor_7": 283.1348679883274,
    "sensor_8": 2229.1453436935476,
    "sensor_9": 8526.118435777478,
    "sensor_10": 1.095405067395433,
    "sensor_11": 42.99262541108898,
    "sensor_12": 266.56688359812875,
    "sensor_13": 2334.606627217565,
    "sensor_14": 8066.6515192922325,
    "sensor_15": 9.327898249108342,
    "sensor_16": 0.023344758904997917,
    "sensor_17": 348.3877205984529,
    "sensor_18": 2229.0732085784425,
    "sensor_19": 97.75894043262774,
    "sensor_20": 20.82521422946871,
    "sensor_21": 12.495039029135206
  },
  "std": {
    "op_setting_1": 14.761396489141532,
    "op_setting_2": 0.310525435347834,
    "op_setting_3": 14.232094980950581,
    "sensor_1": 26.416678713885993,
    "sensor_2": 37.334627417284906,
    "sensor_3": 106.07844822732885,
    "sensor_4": 119.29097788302765,
    "sensor_5": 3.6184405533960504,
    "sensor_6": 5.439299676165109,
    "sensor_7": 146.22506778847867,
    "sensor_8": 145.2668665146775,
    "sensor_9": 336.200049827378,
    "sensor_10": 0.12766979943215068,
    "sensor_11": 3.2353815507378645,
    "sensor_12": 137.86719205199495,
    "sensor_13": 128.01915620957024,
    "sensor_14": 84.83219588664318,
    "sensor_15": 0.7499307303183275,
    "sensor_16": 0.004718069193792763,
    "sensor_17": 27.789649681643034,
    "sensor_18": 145.38340187223426,
    "sensor_19": 5.361941784073129,
    "sensor_20": 9.883716320023346,
    "sensor_21": 5.930172871651798
  }
}