{
  "group": "G4",
  "num_runs": 5,
  "rmse_mean": 14.782587377443736,
  "rmse_std": 0.3776201091157413,
  "mae_mean": 10.88734461402893,
  "mae_std": 0.27869121469640445,
  "nasa_mean": 376.8905928182849,
  "nasa_std": 59.917481530034166,
  "val_rmse_mean": 13.996002387051718,
  "val_rmse_std": 0.45296311918385435,
  "val_mae_mean": 11.123748719259085,
  "val_mae_std": 0.5339985069319486,
  "val_nasa_mean": 11565.581958528925,
  "val_nasa_std": 609.3619604063279,
  "pred_std_mean_mean": 10.776022720336915,
  "pred_std_mean_std": 0.5616948673814921,
  "best_seed": 21,
  "best_run_dir": "seed_21_a_0.04",
  "best_rmse": 14.167943213746906,
  "best_linex_a": 0.04
}