{
  "features": [
    "op_setting_1",
    "op_setting_2",
    "op_setting_3",
    "sensor_1",
    "sensor_2",
    "sensor_3",
    "sensor_4",
    "sensor_5",
    "sensor_6",
    "sensor_7",
    "sensor_8",
    "sensor_9",
    "sensor_10",
    "sensor_11",
    "sensor_12",
    "sensor_13",
    "sensor_14",
    "sensor_15",
    "sensor_16",
    "sensor_17",
    "sensor_18",
    "sensor_19",
    "sensor_20",
    "sensor_21"
  ],
  "mean": {
    "op_setting_1": -2.4619771863117878e-05,
    "op_setting_2": 4.652791675005003e-06,
    "op_setting_3": 100.0,
    "sensor_1": 518.67,
    "sensor_2": 642.4499644786871,
    "sensor_3": 1588.0165219131477,
    "sensor_4": 1404.2921232739643,
    "sensor_5": 14.620000000000003,
    "sensor_6": 21.59656043626176,
    "sensor_7": 555.405105563338,
    "sensor_8": 2388.073531118672,
    "sensor_9": 9064.545859515709,
    "sensor_10": 1.3013873323994398,
    "sensor_11": 47.41227236341805,
    "sensor_12": 523.2957764658795,
    "sensor_13": 2388.073773263958,
    "sensor_14": 8144.65400040024,
    "sensor_15": 8.392182294376626,
    "sensor_16": 0.03000000000000001,
    "sensor_17": 392.5498799279568,
    "sensor_18": 2388.0,
    "sensor_19": 100.0,
    "sensor_20": 39.007723133880326,
    "sensor_21": 23.404779957974785
  },
  "std": {
    "op_setting_1": 0.002192287710533625,
    "op_setting_2": 0.00029509085327356836,
    "op_setting_3": 1.0,
    "sensor_1": 1.0,
    "sensor_2": 0.5163332681178433,
    "sensor_3": 6.795528555983207,
    "sensor_4": 9.641025369560987,
    "sensor_5": 3.552713678800501e-15,
    "sensor_6": 0.01550953987538251,
    "sensor_7": 3.5609094104400754,
    "sensor_8": 0.16303332972791273,
    "sensor_9": 20.326155300505217,
    "sensor_10": 0.0036741751953597215,
    "sensor_11": 0.2960341047538003,
    "sensor_12": 3.377986747923083,
    "sensor_13": 0.16276946077206686,
    "sensor_14": 16.736337754935164,
    "sensor_15": 0.0606605029007038,
    "sensor_16": 1.0408340855860843e-17,
    "sensor_17": 1.753855493205179,
    "sensor_18": 1.0,
    "sensor_19": 1.0,
    "sensor_20": 0.2516049025900511,
    "sensor_21": 0.1511408623460931
  }
}