epoch,train_loss,val_loss,val_rmse,val_mae,val_nasa
1,8640.482344193892,6571.66851634364,82.26414433615255,71.87093737241759,8624165.312885003
