{
  "features": [
    "op_setting_1",
    "op_setting_2",
    "op_setting_3",
    "sensor_1",
    "sensor_2",
    "sensor_3",
    "sensor_4",
    "sensor_5",
    "sensor_6",
    "sensor_7",
    "sensor_8",
    "sensor_9",
    "sensor_10",
    "sensor_11",
    "sensor_12",
    "sensor_13",
    "sensor_14",
    "sensor_15",
    "sensor_16",
    "sensor_17",
    "sensor_18",
    "sensor_19",
    "sensor_20",
    "sensor_21"
  ],
  "mean": {
    "op_setting_1": -3.847979797979798e-05,
    "op_setting_2": 4.2575757575757585e-06,
    "op_setting_3": 100.0,
    "sensor_1": 518.67,
    "sensor_2": 642.4427156565656,
    "sensor_3": 1587.9853247474748,
    "sensor_4": 1404.1580595959595,
    "sensor_5": 14.620000000000003,
    "sensor_6": 21.59676767676768,
    "sensor_7": 555.4221909090909,
    "sensor_8": 2388.07652979798,
    "sensor_9": 9064.560828282827,
    "sensor_10": 1.3013732323232325,
    "sensor_11": 47.408930808080804,
    "sensor_12": 523.3098313131313,
    "sensor_13": 2388.076575757576,
    "sensor_14": 8144.701401010101,
    "sensor_15": 8.391867747474748,
    "sensor_16": 0.030000000000000013,
    "sensor_17": 392.54383838383836,
    "sensor_18": 2388.0,
    "sensor_19": 100.0,
    "sensor_20": 39.01036767676768,
    "sensor_21": 23.405776934343432
  },
  "std": {
    "op_setting_1": 0.0021952042798792006,
    "op_setting_2": 0.0002936302806856561,
    "op_setting_3": 1.0,
    "sensor_1": 1.0,
    "sensor_2": 0.5140122173186661,
    "sensor_3": 6.729684991621693,
    "sensor_4": 9.64900682398855,
    "sensor_5": 3.552713678800501e-15,
    "sensor_6": 0.015430409620850702,
    "sensor_7": 3.5068704036790668,
    "sensor_8": 0.1535037693116641,
    "sensor_9": 19.82584360111231,
    "sensor_10": 0.0036498361187183035,
    "sensor_11": 0.2963452860192172,
    "sensor_12": 3.3237164229870197,
    "sensor_13": 0.15339004820083,
    "sensor_14": 16.3299510507533,
    "sensor_15": 0.06020231854135199,
    "sensor_16": 1.3877787807814457e-17,
    "sensor_17": 1.7383660661497111,
    "sensor_18": 1.0,
    "sensor_19": 1.0,
    "sensor_20": 0.24892846354989154,
    "sensor_21": 0.1496898583732167
  }
}