{
  "features": [
    "op_setting_1",
    "op_setting_2",
    "op_setting_3",
    "sensor_1",
    "sensor_2",
    "sensor_3",
    "sensor_4",
    "sensor_5",
    "sensor_6",
    "sensor_7",
    "sensor_8",
    "sensor_9",
    "sensor_10",
    "sensor_11",
    "sensor_12",
    "sensor_13",
    "sensor_14",
    "sensor_15",
    "sensor_16",
    "sensor_17",
    "sensor_18",
    "sensor_19",
    "sensor_20",
    "sensor_21"
  ],
  "mean": {
    "op_setting_1": -2.7269074288010455e-05,
    "op_setting_2": 2.993620975438244e-06,
    "op_setting_3": 100.0,
    "sensor_1": 518.67,
    "sensor_2": 642.4561997086745,
    "sensor_3": 1588.0695504545683,
    "sensor_4": 1404.4130378220907,
    "sensor_5": 14.620000000000005,
    "sensor_6": 21.59607011904164,
    "sensor_7": 555.1664508513737,
    "sensor_8": 2388.073966045507,
    "sensor_9": 9064.323911296398,
    "sensor_10": 1.3012456677884379,
    "sensor_11": 47.414273946456376,
    "sensor_12": 523.0733904264403,
    "sensor_13": 2388.0742548596113,
    "sensor_14": 8144.383257823095,
    "sensor_15": 8.3958137977799,
    "sensor_16": 0.03000000000000001,
    "sensor_17": 392.565020844844,
    "sensor_18": 2388.0,
    "sensor_19": 100.0,
    "sensor_20": 38.98964488422322,
    "sensor_21": 23.39407547842684
  },
  "std": {
    "op_setting_1": 0.002187033023793432,
    "op_setting_2": 0.0002944649516065372,
    "op_setting_3": 1.0,
    "sensor_1": 1.0,
    "sensor_2": 0.5237581899281548,
    "sensor_3": 6.796297559641627,
    "sensor_4": 9.768694371659057,
    "sensor_5": 5.329070518200751e-15,
    "sensor_6": 0.018437544482731667,
    "sensor_7": 3.429591473525736,
    "sensor_8": 0.15208409385314553,
    "sensor_9": 19.95484022528528,
    "sensor_10": 0.003513050794553778,
    "sensor_11": 0.30016291639261194,
    "sensor_12": 3.2474222586296584,
    "sensor_13": 0.15191722178366157,
    "sensor_14": 16.49749809858644,
    "sensor_15": 0.06028215768636035,
    "sensor_16": 1.0408340855860843e-17,
    "sensor_17": 1.7520906696341334,
    "sensor_18": 1.0,
    "sensor_19": 1.0,
    "sensor_20": 0.24851526456872944,
    "sensor_21": 0.14888421652954775
  }
}