epoch,train_loss,val_loss,val_rmse,val_mae,val_nasa,linex_a
1,2.492085839762832,1.911485247794659,79.52904773959867,69.18319752085122,6742087.900004686,0.04
