{
  "features": [
    "op_setting_1",
    "op_setting_2",
    "op_setting_3",
    "sensor_1",
    "sensor_2",
    "sensor_3",
    "sensor_4",
    "sensor_5",
    "sensor_6",
    "sensor_7",
    "sensor_8",
    "sensor_9",
    "sensor_10",
    "sensor_11",
    "sensor_12",
    "sensor_13",
    "sensor_14",
    "sensor_15",
    "sensor_16",
    "sensor_17",
    "sensor_18",
    "sensor_19",
    "sensor_20",
    "sensor_21"
  ],
  "mean": {
    "op_setting_1": -1.1894990947495478e-05,
    "op_setting_2": 3.5063367531683766e-06,
    "op_setting_3": 100.0,
    "sensor_1": 518.67,
    "sensor_2": 642.6871653590827,
    "sensor_3": 1590.5717145443575,
    "sensor_4": 1409.042688593844,
    "sensor_5": 14.620000000000003,
    "sensor_6": 21.609805069402544,
    "sensor_7": 553.3563101991551,
    "sensor_8": 2388.0987229933617,
    "sensor_9": 9064.720888352444,
    "sensor_10": 1.3000000000000003,
    "sensor_11": 47.54486059143029,
    "sensor_12": 521.4043608931804,
    "sensor_13": 2388.098087507544,
    "sensor_14": 8143.256768255885,
    "sensor_15": 8.442573409776706,
    "sensor_16": 0.030000000000000013,
    "sensor_17": 393.2207604103802,
    "sensor_18": 2388.0,
    "sensor_19": 100.0,
    "sensor_20": 38.81413035606518,
    "sensor_21": 23.288346210018105
  },
  "std": {
    "op_setting_1": 0.002188936430662721,
    "op_setting_2": 0.0002922026604942501,
    "op_setting_3": 1.0,
    "sensor_1": 1.0,
    "sensor_2": 0.49844955489584564,
    "sensor_3": 6.140532803710577,
    "sensor_4": 8.992628570854356,
    "sensor_5": 3.552713678800501e-15,
    "sensor_6": 0.0013825006462291614,
    "sensor_7": 0.8841808911384916,
    "sensor_8": 0.07165934741810573,
    "sensor_9": 22.69921449184926,
    "sensor_10": 2.220446049250313e-16,
    "sensor_11": 0.26646141456804423,
    "sensor_12": 0.7372743553568878,
    "sensor_13": 0.07253446649735092,
    "sensor_14": 19.671269981421162,
    "sensor_15": 0.0374653084548766,
    "sensor_16": 1.3877787807814457e-17,
    "sensor_17": 1.5444814528791926,
    "sensor_18": 1.0,
    "sensor_19": 1.0,
    "sensor_20": 0.18053336094321176,
    "sensor_21": 0.10830459655388876
  }
}