{
  "group": "G4",
  "scenario": "A_sigma_5",
  "seed": 2,
  "a_tag": "a_0p05",
  "linex_a": 0.05,
  "best_epoch": 20,
  "best_val_rmse": 4.328780651092529,
  "train_run_id": "20260328_000151_612698",
  "train_config": {
    "output_root": "outputs_v2/round8_toy_mechanism",
    "sequence_length": 50,
    "batch_size": 256,
    "epochs": 20,
    "lr": 0.001,
    "weight_decay": 1e-05,
    "hidden_size": 64,
    "lstm_layers": 2,
    "dropout": 0.2,
    "cnn_channels": 64,
    "cnn_kernel_size": 5,
    "dense_size": 64,
    "grad_clip": 5.0,
    "mcd_samples": 50,
    "linex_a": 0.04,
    "seed_list": [
      0,
      1,
      2
    ],
    "num_workers": 0
  },
  "metrics": {
    "rmse": 4.907115459442139,
    "mae": 3.731905460357666,
    "nasa": 2460.87939453125,
    "bias": 1.149373173713684,
    "over_rate": 0.6147314375987362,
    "danger_over_5": 0.18147709320695102,
    "danger_over_10": 0.028041074249605055,
    "pred_std_mean": 5.381258964538574,
    "pred_std_p90": 9.515139484405518
  },
  "group_settings": {
    "loss": "linex",
    "use_mcd": true
  },
  "scaler": {
    "mean": [
      0.5336688160896301,
      -0.0053470199927687645,
      0.4236750900745392,
      0.5283626914024353,
      0.2664426565170288,
      0.0009800913976505399
    ],
    "std": [
      0.3297370672225952,
      0.001761515042744577,
      0.4001171588897705,
      0.4096904993057251,
      0.2960934638977051,
      0.04338177293539047
    ]
  }
}