{
  "features": [
    "op_setting_1",
    "op_setting_2",
    "op_setting_3",
    "sensor_1",
    "sensor_2",
    "sensor_3",
    "sensor_4",
    "sensor_5",
    "sensor_6",
    "sensor_7",
    "sensor_8",
    "sensor_9",
    "sensor_10",
    "sensor_11",
    "sensor_12",
    "sensor_13",
    "sensor_14",
    "sensor_15",
    "sensor_16",
    "sensor_17",
    "sensor_18",
    "sensor_19",
    "sensor_20",
    "sensor_21"
  ],
  "mean": {
    "op_setting_1": -4.637626736763042e-06,
    "op_setting_2": 1.8838402803855297e-06,
    "op_setting_3": 100.0,
    "sensor_1": 518.67,
    "sensor_2": 642.708580548254,
    "sensor_3": 1590.7958136187258,
    "sensor_4": 1409.4649417949681,
    "sensor_5": 14.620000000000003,
    "sensor_6": 21.609833521091506,
    "sensor_7": 553.3082751283014,
    "sensor_8": 2388.1035373638747,
    "sensor_9": 9063.605645262236,
    "sensor_10": 1.3,
    "sensor_11": 47.5594736512705,
    "sensor_12": 521.3587520340468,
    "sensor_13": 2388.103192514708,
    "sensor_14": 8142.070630241582,
    "sensor_15": 8.444191876329954,
    "sensor_16": 0.030000000000000013,
    "sensor_17": 393.2880210289148,
    "sensor_18": 2388.0,
    "sensor_19": 100.0,
    "sensor_20": 38.80666040806109,
    "sensor_21": 23.283904143196896
  },
  "std": {
    "op_setting_1": 0.0021808765905497922,
    "op_setting_2": 0.0002926428468281723,
    "op_setting_3": 1.0,
    "sensor_1": 1.0,
    "sensor_2": 0.4955954836273367,
    "sensor_3": 6.044273178568568,
    "sensor_4": 8.89468769237099,
    "sensor_5": 3.552713678800501e-15,
    "sensor_6": 0.001279481870921246,
    "sensor_7": 0.8801595110889388,
    "sensor_8": 0.07136127349775177,
    "sensor_9": 21.301273990681167,
    "sensor_10": 1.0,
    "sensor_11": 0.2643652339685184,
    "sensor_12": 0.7333267439404658,
    "sensor_13": 0.07225281142341511,
    "sensor_14": 18.49060369705594,
    "sensor_15": 0.03718056202320271,
    "sensor_16": 1.3877787807814457e-17,
    "sensor_17": 1.52925588406648,
    "sensor_18": 1.0,
    "sensor_19": 1.0,
    "sensor_20": 0.17970651018218922,
    "sensor_21": 0.1074268380245759
  }
}