{
  "group": "G4",
  "scenario": "A_sigma_3",
  "seed": 0,
  "a_tag": "a_0p07",
  "linex_a": 0.07,
  "best_epoch": 20,
  "best_val_rmse": 4.369612693786621,
  "train_run_id": "20260327_234004_887002",
  "train_config": {
    "output_root": "outputs_v2/round8_toy_mechanism",
    "sequence_length": 50,
    "batch_size": 256,
    "epochs": 20,
    "lr": 0.001,
    "weight_decay": 1e-05,
    "hidden_size": 64,
    "lstm_layers": 2,
    "dropout": 0.2,
    "cnn_channels": 64,
    "cnn_kernel_size": 5,
    "dense_size": 64,
    "grad_clip": 5.0,
    "mcd_samples": 50,
    "linex_a": 0.04,
    "seed_list": [
      0,
      1,
      2
    ],
    "num_workers": 0
  },
  "metrics": {
    "rmse": 3.734687089920044,
    "mae": 2.9375603199005127,
    "nasa": 1594.4739990234375,
    "bias": -1.218157410621643,
    "over_rate": 0.34864140834290086,
    "danger_over_5": 0.043436662839647915,
    "danger_over_10": 0.0028702640642939152,
    "pred_std_mean": 5.569262504577637,
    "pred_std_p90": 10.031221866607666
  },
  "group_settings": {
    "loss": "linex",
    "use_mcd": true
  },
  "scaler": {
    "mean": [
      0.5370655059814453,
      -0.005694359540939331,
      0.43241849541664124,
      0.5313096046447754,
      0.2588871717453003,
      0.0025511523708701134
    ],
    "std": [
      0.3089427649974823,
      0.0017788768745958805,
      0.37778377532958984,
      0.3843550384044647,
      0.28887560963630676,
      0.0434134416282177
    ]
  }
}