{
  "group": "G4",
  "scenario": "A_sigma_3",
  "seed": 2,
  "a_tag": "a_0p09",
  "linex_a": 0.09,
  "best_epoch": 16,
  "best_val_rmse": 4.387831211090088,
  "train_run_id": "20260327_234606_889306",
  "train_config": {
    "output_root": "outputs_v2/round8_toy_mechanism",
    "sequence_length": 50,
    "batch_size": 256,
    "epochs": 20,
    "lr": 0.001,
    "weight_decay": 1e-05,
    "hidden_size": 64,
    "lstm_layers": 2,
    "dropout": 0.2,
    "cnn_channels": 64,
    "cnn_kernel_size": 5,
    "dense_size": 64,
    "grad_clip": 5.0,
    "mcd_samples": 50,
    "linex_a": 0.04,
    "seed_list": [
      0,
      1,
      2
    ],
    "num_workers": 0
  },
  "metrics": {
    "rmse": 3.960934638977051,
    "mae": 3.19895339012146,
    "nasa": 1732.250732421875,
    "bias": -1.4048407077789307,
    "over_rate": 0.3647148871029468,
    "danger_over_5": 0.0371220818982013,
    "danger_over_10": 0.002104860313815538,
    "pred_std_mean": 5.537259578704834,
    "pred_std_p90": 9.83174180984497
  },
  "group_settings": {
    "loss": "linex",
    "use_mcd": true
  },
  "scaler": {
    "mean": [
      0.5370655059814453,
      -0.005694359540939331,
      0.43241849541664124,
      0.5313096046447754,
      0.2588871717453003,
      0.0025511523708701134
    ],
    "std": [
      0.3089427649974823,
      0.0017788768745958805,
      0.37778377532958984,
      0.3843550384044647,
      0.28887560963630676,
      0.0434134416282177
    ]
  }
}