{
  "group": "G2",
  "num_runs": 5,
  "rmse_mean": 15.4511931184719,
  "rmse_std": 0.9690686266799617,
  "mae_mean": 11.214050487518312,
  "mae_std": 0.7082431548753141,
  "nasa_mean": 526.9067998382137,
  "nasa_std": 209.90570599888994,
  "pred_std_mean_mean": 13.210735326766969,
  "pred_std_mean_std": 0.3618639713553709,
  "pred_std_std_mean": 7.671228508149705,
  "pred_std_std_std": 0.25780598801990573,
  "abs_err_mean_mean": 11.214050487518312,
  "abs_err_mean_std": 0.7082431548753141,
  "pearson_unc_abs_err_mean": 0.3447138281650467,
  "pearson_unc_abs_err_std": 0.07688991107356548,
  "spearman_unc_abs_err_mean": 0.43965436543654357,
  "spearman_unc_abs_err_std": 0.06600006443921937,
  "ece_abs_err_vs_unc_mean": 4.487722009658814,
  "ece_abs_err_vs_unc_std": 0.6316409109060458,
  "top_bottom_error_ratio_mean": 3.685583303797427,
  "top_bottom_error_ratio_std": 0.52091405062865,
  "coverage_1sigma_mean": 0.636,
  "coverage_1sigma_std": 0.025768197453450273,
  "coverage_2sigma_mean": 0.8640000000000001,
  "coverage_2sigma_std": 0.008000000000000007
}