{
  "group": "G3",
  "scenario": "A_sigma_1",
  "seed": 0,
  "a_tag": "a_0p02",
  "linex_a": 0.02,
  "best_epoch": 19,
  "best_val_rmse": 2.833308458328247,
  "train_run_id": "20260327_223742_486429",
  "train_config": {
    "output_root": "outputs_v2/round8_toy_mechanism",
    "sequence_length": 50,
    "batch_size": 256,
    "epochs": 20,
    "lr": 0.001,
    "weight_decay": 1e-05,
    "hidden_size": 64,
    "lstm_layers": 2,
    "dropout": 0.2,
    "cnn_channels": 64,
    "cnn_kernel_size": 5,
    "dense_size": 64,
    "grad_clip": 5.0,
    "mcd_samples": 50,
    "linex_a": 0.04,
    "seed_list": [
      0,
      1,
      2
    ],
    "num_workers": 0
  },
  "metrics": {
    "rmse": 5.0708112716674805,
    "mae": 2.496710777282715,
    "nasa": 2208.821533203125,
    "bias": -0.7325649857521057,
    "over_rate": 0.43110607776519444,
    "danger_over_5": 0.032653831634579085,
    "danger_over_10": 0.0022650056625141564,
    "pred_std_mean": 0.0,
    "pred_std_p90": 0.0
  },
  "group_settings": {
    "loss": "linex",
    "use_mcd": false
  },
  "scaler": {
    "mean": [
      0.5344610214233398,
      -0.005479687824845314,
      0.4269653260707855,
      0.528392493724823,
      0.25802159309387207,
      -0.0013366317143663764
    ],
    "std": [
      0.29707688093185425,
      0.0017481950344517827,
      0.3593917787075043,
      0.36817753314971924,
      0.2795886993408203,
      0.049461204558610916
    ]
  }
}