{
  "features": [
    "op_setting_1",
    "op_setting_2",
    "op_setting_3",
    "sensor_1",
    "sensor_2",
    "sensor_3",
    "sensor_4",
    "sensor_5",
    "sensor_6",
    "sensor_7",
    "sensor_8",
    "sensor_9",
    "sensor_10",
    "sensor_11",
    "sensor_12",
    "sensor_13",
    "sensor_14",
    "sensor_15",
    "sensor_16",
    "sensor_17",
    "sensor_18",
    "sensor_19",
    "sensor_20",
    "sensor_21"
  ],
  "mean": {
    "op_setting_1": 23.995918836269,
    "op_setting_2": 0.57189091648464,
    "op_setting_3": 94.0289073755635,
    "sensor_1": 472.91023934563367,
    "sensor_2": 579.6567005158711,
    "sensor_3": 1419.9051947297487,
    "sensor_4": 1205.3814955616492,
    "sensor_5": 8.032829158339917,
    "sensor_6": 11.601492773156108,
    "sensor_7": 282.61217060928567,
    "sensor_8": 2228.7353750522843,
    "sensor_9": 8525.255847004693,
    "sensor_10": 1.0949347027931402,
    "sensor_11": 42.98166891295254,
    "sensor_12": 266.0763921550402,
    "sensor_13": 2334.40597876098,
    "sensor_14": 8066.764551982154,
    "sensor_15": 9.330006543663151,
    "sensor_16": 0.023322489194590325,
    "sensor_17": 348.29172282381376,
    "sensor_18": 2228.659896825766,
    "sensor_19": 97.75039085374355,
    "sensor_20": 20.790076218803737,
    "sensor_21": 12.474090200771482
  },
  "std": {
    "op_setting_1": 14.753302297480811,
    "op_setting_2": 0.31017914568681143,
    "op_setting_3": 14.254464488287864,
    "sensor_1": 26.403644506219717,
    "sensor_2": 37.315095143155396,
    "sensor_3": 106.03456552011781,
    "sensor_4": 119.22004623510449,
    "sensor_5": 3.61617024926807,
    "sensor_6": 5.4355076997201355,
    "sensor_7": 146.1174897069019,
    "sensor_8": 145.36458290727245,
    "sensor_9": 336.1434926889821,
    "sensor_10": 0.12753620918004355,
    "sensor_11": 3.235812059499856,
    "sensor_12": 137.76409946944415,
    "sensor_13": 128.21827735818945,
    "sensor_14": 85.02301555629354,
    "sensor_15": 0.7501363298727287,
    "sensor_16": 0.004710197182468454,
    "sensor_17": 27.77558710640672,
    "sensor_18": 145.48422992701148,
    "sensor_19": 5.370369495962451,
    "sensor_20": 9.876395732037427,
    "sensor_21": 5.925954038913693
  }
}