{
  "group": "G4",
  "scenario": "A_sigma_3",
  "seed": 0,
  "a_tag": "a_0p4",
  "linex_a": 0.4,
  "best_epoch": 20,
  "best_val_rmse": 7.772801876068115,
  "train_run_id": "20260327_235811_356944",
  "train_config": {
    "output_root": "outputs_v2/round8_toy_mechanism",
    "sequence_length": 50,
    "batch_size": 256,
    "epochs": 20,
    "lr": 0.001,
    "weight_decay": 1e-05,
    "hidden_size": 64,
    "lstm_layers": 2,
    "dropout": 0.2,
    "cnn_channels": 64,
    "cnn_kernel_size": 5,
    "dense_size": 64,
    "grad_clip": 5.0,
    "mcd_samples": 50,
    "linex_a": 0.04,
    "seed_list": [
      0,
      1,
      2
    ],
    "num_workers": 0
  },
  "metrics": {
    "rmse": 8.274709701538086,
    "mae": 6.6468000411987305,
    "nasa": 4217.43212890625,
    "bias": -6.265559196472168,
    "over_rate": 0.12284730195177956,
    "danger_over_5": 0.0009567546880979717,
    "danger_over_10": 0.0,
    "pred_std_mean": 5.197418212890625,
    "pred_std_p90": 9.374842166900635
  },
  "group_settings": {
    "loss": "linex",
    "use_mcd": true
  },
  "scaler": {
    "mean": [
      0.5370655059814453,
      -0.005694359540939331,
      0.43241849541664124,
      0.5313096046447754,
      0.2588871717453003,
      0.0025511523708701134
    ],
    "std": [
      0.3089427649974823,
      0.0017788768745958805,
      0.37778377532958984,
      0.3843550384044647,
      0.28887560963630676,
      0.0434134416282177
    ]
  }
}