{
  "features": [
    "op_setting_1",
    "op_setting_2",
    "op_setting_3",
    "sensor_1",
    "sensor_2",
    "sensor_3",
    "sensor_4",
    "sensor_5",
    "sensor_6",
    "sensor_7",
    "sensor_8",
    "sensor_9",
    "sensor_10",
    "sensor_11",
    "sensor_12",
    "sensor_13",
    "sensor_14",
    "sensor_15",
    "sensor_16",
    "sensor_17",
    "sensor_18",
    "sensor_19",
    "sensor_20",
    "sensor_21"
  ],
  "mean": {
    "op_setting_1": -1.0034075696726294e-05,
    "op_setting_2": -2.4339783375927985e-07,
    "op_setting_3": 100.0,
    "sensor_1": 518.67,
    "sensor_2": 642.6831574783985,
    "sensor_3": 1590.5137391992212,
    "sensor_4": 1408.9792874528418,
    "sensor_5": 14.620000000000003,
    "sensor_6": 21.609807107216753,
    "sensor_7": 553.363175733236,
    "sensor_8": 2388.0977400511138,
    "sensor_9": 9064.491321041744,
    "sensor_10": 1.3000000000000003,
    "sensor_11": 47.54282098089327,
    "sensor_12": 521.4083388097846,
    "sensor_13": 2388.0973944261896,
    "sensor_14": 8143.041894852136,
    "sensor_15": 8.442161956918582,
    "sensor_16": 0.030000000000000013,
    "sensor_17": 393.20810514786416,
    "sensor_18": 2388.0,
    "sensor_19": 100.0,
    "sensor_20": 38.81505050505051,
    "sensor_21": 23.28932026286966
  },
  "std": {
    "op_setting_1": 0.0021947922499915462,
    "op_setting_2": 0.0002929830281592769,
    "op_setting_3": 1.0,
    "sensor_1": 1.0,
    "sensor_2": 0.49811197988814454,
    "sensor_3": 6.101783118934202,
    "sensor_4": 8.928645088299753,
    "sensor_5": 3.552713678800501e-15,
    "sensor_6": 0.0013753981993262806,
    "sensor_7": 0.8816123114188421,
    "sensor_8": 0.06998090174730058,
    "sensor_9": 20.894498553923153,
    "sensor_10": 2.220446049250313e-16,
    "sensor_11": 0.26513830679649214,
    "sensor_12": 0.7344114287081887,
    "sensor_13": 0.07101544008367598,
    "sensor_14": 17.962813491102764,
    "sensor_15": 0.03724011241533676,
    "sensor_16": 1.3877787807814457e-17,
    "sensor_17": 1.5406598380765537,
    "sensor_18": 1.0,
    "sensor_19": 1.0,
    "sensor_20": 0.18049662536550215,
    "sensor_21": 0.10808648105413422
  }
}