{
  "group": "G3",
  "num_runs": 5,
  "num_samples_mean": 100.0,
  "num_samples_std": 0.0,
  "rmse_mean": 15.021551727155053,
  "rmse_std": 0.8197446387974467,
  "mae_mean": 10.61856852531433,
  "mae_std": 0.7486478125210936,
  "nasa_mean": 518.3083839131717,
  "nasa_std": 113.23651689225429,
  "mean_error_mean": 1.1151585216522215,
  "mean_error_std": 0.6953489312565487,
  "mean_abs_error_mean": 10.61856852531433,
  "mean_abs_error_std": 0.7486478125210936,
  "median_abs_error_mean": 7.061423492431638,
  "median_abs_error_std": 1.207300968584964,
  "overestimate_rate_mean": 0.546,
  "overestimate_rate_std": 0.05642694391866354,
  "underestimate_rate_mean": 0.454,
  "underestimate_rate_std": 0.05642694391866355,
  "p_abs_error_gt_moderate_mean": 0.592,
  "p_abs_error_gt_moderate_std": 0.05564171097297423,
  "p_abs_error_gt_severe_mean": 0.398,
  "p_abs_error_gt_severe_std": 0.045343136195018535,
  "p_overestimate_gt_moderate_mean": 0.33199999999999996,
  "p_overestimate_gt_moderate_std": 0.03969886648255841,
  "p_underestimate_lt_neg_moderate_mean": 0.26,
  "p_underestimate_lt_neg_moderate_std": 0.02449489742783178,
  "p_overestimate_gt_severe_mean": 0.23199999999999998,
  "p_overestimate_gt_severe_std": 0.01939071942966531,
  "p_underestimate_lt_neg_severe_mean": 0.16599999999999998,
  "p_underestimate_lt_neg_severe_std": 0.034985711369071804,
  "danger_threshold_mean": 20.0,
  "danger_threshold_std": 0.0,
  "danger_num_samples_mean": 16.0,
  "danger_num_samples_std": 0.0,
  "safe_num_samples_mean": 84.0,
  "safe_num_samples_std": 0.0,
  "danger_rmse_mean": 4.035866442152365,
  "danger_rmse_std": 0.9674129935547109,
  "danger_mae_mean": 2.8292840719223022,
  "danger_mae_std": 0.8423609915306366,
  "danger_nasa_mean": 6.279755472382691,
  "danger_nasa_std": 2.493214190745512,
  "danger_mean_error_mean": 2.099176120758057,
  "danger_mean_error_std": 1.38500432453928,
  "danger_mean_abs_error_mean": 2.8292840719223022,
  "danger_mean_abs_error_std": 0.8423609915306366,
  "danger_median_abs_error_mean": 1.885433292388916,
  "danger_median_abs_error_std": 0.9046491373396283,
  "danger_overestimate_rate_mean": 0.7375,
  "danger_overestimate_rate_std": 0.19921721813136534,
  "danger_underestimate_rate_mean": 0.2625,
  "danger_underestimate_rate_std": 0.19921721813136534,
  "danger_p_abs_error_gt_moderate_mean": 0.1625,
  "danger_p_abs_error_gt_moderate_std": 0.1159202311936963,
  "danger_p_abs_error_gt_severe_mean": 0.05,
  "danger_p_abs_error_gt_severe_std": 0.025,
  "danger_p_overestimate_gt_moderate_mean": 0.1625,
  "danger_p_overestimate_gt_moderate_std": 0.1159202311936963,
  "danger_p_underestimate_lt_neg_moderate_mean": 0.0,
  "danger_p_underestimate_lt_neg_moderate_std": 0.0,
  "danger_p_overestimate_gt_severe_mean": 0.05,
  "danger_p_overestimate_gt_severe_std": 0.025,
  "danger_p_underestimate_lt_neg_severe_mean": 0.0,
  "danger_p_underestimate_lt_neg_severe_std": 0.0,
  "safe_rmse_mean": 16.28914315139196,
  "safe_rmse_std": 0.9002285164258511,
  "safe_mae_mean": 12.10224175453186,
  "safe_mae_std": 0.9017815257906782,
  "safe_nasa_mean": 512.0286284407891,
  "safe_nasa_std": 113.46324314446761,
  "safe_mean_error_mean": 0.9277265980130149,
  "safe_mean_error_std": 0.6751990659140612,
  "safe_mean_abs_error_mean": 12.10224175453186,
  "safe_mean_abs_error_std": 0.9017815257906782,
  "safe_median_abs_error_mean": 9.311734771728517,
  "safe_median_abs_error_std": 1.0455981280108222,
  "safe_overestimate_rate_mean": 0.5095238095238096,
  "safe_overestimate_rate_std": 0.04012452272941124,
  "safe_underestimate_rate_mean": 0.4904761904761905,
  "safe_underestimate_rate_std": 0.040124522729411215,
  "safe_p_abs_error_gt_moderate_mean": 0.6738095238095237,
  "safe_p_abs_error_gt_moderate_std": 0.05714285714285712,
  "safe_p_abs_error_gt_severe_mean": 0.46428571428571425,
  "safe_p_abs_error_gt_severe_std": 0.04994327848429295,
  "safe_p_overestimate_gt_moderate_mean": 0.36428571428571427,
  "safe_p_overestimate_gt_moderate_std": 0.03158690276528952,
  "safe_p_underestimate_lt_neg_moderate_mean": 0.30952380952380953,
  "safe_p_underestimate_lt_neg_moderate_std": 0.029160592175990215,
  "safe_p_overestimate_gt_severe_mean": 0.2666666666666667,
  "safe_p_overestimate_gt_severe_std": 0.01934294858246657,
  "safe_p_underestimate_lt_neg_severe_mean": 0.19761904761904764,
  "safe_p_underestimate_lt_neg_severe_std": 0.041649656391752145,
  "best_run_dir": "seed_7_a_0.04",
  "best_rmse": 13.747908981633724
}