{
  "group": "G4",
  "num_runs": 5,
  "num_samples_mean": 100.0,
  "num_samples_std": 0.0,
  "rmse_mean": 14.782587377443736,
  "rmse_std": 0.3776201091157418,
  "mae_mean": 10.88734461402893,
  "mae_std": 0.27869121469640445,
  "nasa_mean": 376.890592818285,
  "nasa_std": 59.91748153003418,
  "mean_error_mean": -1.2883311939239506,
  "mean_error_std": 1.2769120525776703,
  "mean_abs_error_mean": 10.88734461402893,
  "mean_abs_error_std": 0.27869121469640445,
  "median_abs_error_mean": 8.131008338928222,
  "median_abs_error_std": 0.5549188322127273,
  "overestimate_rate_mean": 0.488,
  "overestimate_rate_std": 0.06177378084592199,
  "underestimate_rate_mean": 0.5119999999999999,
  "underestimate_rate_std": 0.061773780845922006,
  "p_abs_error_gt_moderate_mean": 0.6519999999999999,
  "p_abs_error_gt_moderate_std": 0.051146847410177686,
  "p_abs_error_gt_severe_mean": 0.43600000000000005,
  "p_abs_error_gt_severe_std": 0.024166091947189144,
  "p_overestimate_gt_moderate_mean": 0.296,
  "p_overestimate_gt_moderate_std": 0.06887670143089025,
  "p_underestimate_lt_neg_moderate_mean": 0.356,
  "p_underestimate_lt_neg_moderate_std": 0.040298883359219766,
  "p_overestimate_gt_severe_mean": 0.186,
  "p_overestimate_gt_severe_std": 0.03136877428271624,
  "p_underestimate_lt_neg_severe_mean": 0.25,
  "p_underestimate_lt_neg_severe_std": 0.021908902300206656,
  "danger_threshold_mean": 20.0,
  "danger_threshold_std": 0.0,
  "danger_num_samples_mean": 16.0,
  "danger_num_samples_std": 0.0,
  "safe_num_samples_mean": 84.0,
  "safe_num_samples_std": 0.0,
  "danger_rmse_mean": 3.9892870577821156,
  "danger_rmse_std": 1.1116106757111406,
  "danger_mae_mean": 2.9701035380363465,
  "danger_mae_std": 0.8492432616246377,
  "danger_nasa_mean": 6.31646318364678,
  "danger_nasa_std": 2.527628975383236,
  "danger_mean_error_mean": 1.760675585269928,
  "danger_mean_error_std": 1.2888635326099078,
  "danger_mean_abs_error_mean": 2.9701035380363465,
  "danger_mean_abs_error_std": 0.8492432616246377,
  "danger_median_abs_error_mean": 2.072586297988891,
  "danger_median_abs_error_std": 0.6999722620270868,
  "danger_overestimate_rate_mean": 0.6625,
  "danger_overestimate_rate_std": 0.18791620472966136,
  "danger_underestimate_rate_mean": 0.3375,
  "danger_underestimate_rate_std": 0.18791620472966136,
  "danger_p_abs_error_gt_moderate_mean": 0.1875,
  "danger_p_abs_error_gt_moderate_std": 0.10458250331675945,
  "danger_p_abs_error_gt_severe_mean": 0.025,
  "danger_p_abs_error_gt_severe_std": 0.05000000000000001,
  "danger_p_overestimate_gt_moderate_mean": 0.1625,
  "danger_p_overestimate_gt_moderate_std": 0.1015504800579495,
  "danger_p_underestimate_lt_neg_moderate_mean": 0.025,
  "danger_p_underestimate_lt_neg_moderate_std": 0.03061862178478973,
  "danger_p_overestimate_gt_severe_mean": 0.025,
  "danger_p_overestimate_gt_severe_std": 0.05000000000000001,
  "danger_p_underestimate_lt_neg_severe_mean": 0.0,
  "danger_p_underestimate_lt_neg_severe_std": 0.0,
  "safe_rmse_mean": 16.02751138936187,
  "safe_rmse_std": 0.4130753886341238,
  "safe_mae_mean": 12.395390533265614,
  "safe_mae_std": 0.30413101104057066,
  "safe_nasa_mean": 370.5741296346381,
  "safe_nasa_std": 58.02068155437406,
  "safe_mean_error_mean": -1.8690943899608794,
  "safe_mean_error_std": 1.4195407229791084,
  "safe_mean_abs_error_mean": 12.395390533265614,
  "safe_mean_abs_error_std": 0.30413101104057066,
  "safe_median_abs_error_mean": 10.153488922119141,
  "safe_median_abs_error_std": 0.42717246651196084,
  "safe_overestimate_rate_mean": 0.45476190476190476,
  "safe_overestimate_rate_std": 0.053979924041688734,
  "safe_underestimate_rate_mean": 0.5452380952380953,
  "safe_underestimate_rate_std": 0.05397992404168874,
  "safe_p_abs_error_gt_moderate_mean": 0.7404761904761905,
  "safe_p_abs_error_gt_moderate_std": 0.05704356452719497,
  "safe_p_abs_error_gt_severe_mean": 0.5142857142857143,
  "safe_p_abs_error_gt_severe_std": 0.025421614885788833,
  "safe_p_overestimate_gt_moderate_mean": 0.3214285714285715,
  "safe_p_overestimate_gt_moderate_std": 0.07715167498104597,
  "safe_p_underestimate_lt_neg_moderate_mean": 0.41904761904761906,
  "safe_p_underestimate_lt_neg_moderate_std": 0.05073160893491076,
  "safe_p_overestimate_gt_severe_mean": 0.21666666666666665,
  "safe_p_overestimate_gt_severe_std": 0.029546842014263944,
  "safe_p_underestimate_lt_neg_severe_mean": 0.2976190476190476,
  "safe_p_underestimate_lt_neg_severe_std": 0.02608202654786505,
  "best_run_dir": "seed_21_a_0.04",
  "best_rmse": 14.167943213746906
}