{
  "features": [
    "op_setting_1",
    "op_setting_2",
    "op_setting_3",
    "sensor_1",
    "sensor_2",
    "sensor_3",
    "sensor_4",
    "sensor_5",
    "sensor_6",
    "sensor_7",
    "sensor_8",
    "sensor_9",
    "sensor_10",
    "sensor_11",
    "sensor_12",
    "sensor_13",
    "sensor_14",
    "sensor_15",
    "sensor_16",
    "sensor_17",
    "sensor_18",
    "sensor_19",
    "sensor_20",
    "sensor_21"
  ],
  "mean": {
    "op_setting_1": 24.01879705875427,
    "op_setting_2": 0.5726373225008832,
    "op_setting_3": 94.03932650417991,
    "sensor_1": 472.8734209348876,
    "sensor_2": 579.6149139291181,
    "sensor_3": 1419.7641010243728,
    "sensor_4": 1205.1560308489345,
    "sensor_5": 8.026759919934063,
    "sensor_6": 11.592677970093016,
    "sensor_7": 282.3903598257388,
    "sensor_8": 2228.7352876486516,
    "sensor_9": 8524.749563405157,
    "sensor_10": 1.0947342517367245,
    "sensor_11": 42.977260567526194,
    "sensor_12": 265.8633787825268,
    "sensor_13": 2334.497533969151,
    "sensor_14": 8066.565656893913,
    "sensor_15": 9.33009620157777,
    "sensor_16": 0.02331496526551278,
    "sensor_17": 348.25486871541267,
    "sensor_18": 2228.6620981985166,
    "sensor_19": 97.7543162604498,
    "sensor_20": 20.77560908983869,
    "sensor_21": 12.465401226892737
  },
  "std": {
    "op_setting_1": 14.734123167384022,
    "op_setting_2": 0.3096907619035807,
    "op_setting_3": 14.244202726338576,
    "sensor_1": 26.3687052283263,
    "sensor_2": 37.26122594063555,
    "sensor_3": 105.86196930582794,
    "sensor_4": 119.01493163166245,
    "sensor_5": 3.610026356291739,
    "sensor_6": 5.425963728645927,
    "sensor_7": 145.85184292173545,
    "sensor_8": 145.21220506331525,
    "sensor_9": 335.5954874493215,
    "sensor_10": 0.12736339637122465,
    "sensor_11": 3.2305040192786905,
    "sensor_12": 137.51445986792115,
    "sensor_13": 128.12623305153733,
    "sensor_14": 84.85078379469122,
    "sensor_15": 0.7492252256126932,
    "sensor_16": 0.004707510801216665,
    "sensor_17": 27.734959691170218,
    "sensor_18": 145.3313486670446,
    "sensor_19": 5.366503377148058,
    "sensor_20": 9.859353526461689,
    "sensor_21": 5.9157826407821394
  }
}