{
  "group": "G3",
  "scenario": "A_sigma_5",
  "seed": 1,
  "a_tag": "a_0p04",
  "linex_a": 0.04,
  "best_epoch": 16,
  "best_val_rmse": 4.236426830291748,
  "train_run_id": "20260327_234146_989512",
  "train_config": {
    "output_root": "outputs_v2/round8_toy_mechanism",
    "sequence_length": 50,
    "batch_size": 256,
    "epochs": 20,
    "lr": 0.001,
    "weight_decay": 1e-05,
    "hidden_size": 64,
    "lstm_layers": 2,
    "dropout": 0.2,
    "cnn_channels": 64,
    "cnn_kernel_size": 5,
    "dense_size": 64,
    "grad_clip": 5.0,
    "mcd_samples": 50,
    "linex_a": 0.04,
    "seed_list": [
      0,
      1,
      2
    ],
    "num_workers": 0
  },
  "metrics": {
    "rmse": 4.708725452423096,
    "mae": 3.3838295936584473,
    "nasa": 2165.021484375,
    "bias": 0.31275883316993713,
    "over_rate": 0.5110584518167457,
    "danger_over_5": 0.12421011058451817,
    "danger_over_10": 0.02093206951026856,
    "pred_std_mean": 0.0,
    "pred_std_p90": 0.0
  },
  "group_settings": {
    "loss": "linex",
    "use_mcd": false
  },
  "scaler": {
    "mean": [
      0.5336688160896301,
      -0.0053470199927687645,
      0.4236750900745392,
      0.5283626914024353,
      0.2664426565170288,
      0.0009800913976505399
    ],
    "std": [
      0.3297370672225952,
      0.001761515042744577,
      0.4001171588897705,
      0.4096904993057251,
      0.2960934638977051,
      0.04338177293539047
    ]
  }
}