{
  "group": "G1",
  "num_runs": 5,
  "num_samples_mean": 100.0,
  "num_samples_std": 0.0,
  "rmse_mean": 15.934514356008734,
  "rmse_std": 0.852837093205178,
  "mae_mean": 11.620792460441589,
  "mae_std": 0.6402387084925041,
  "nasa_mean": 509.16269159641416,
  "nasa_std": 159.1763539101375,
  "mean_error_mean": -0.06179456996917745,
  "mean_error_std": 3.6083951991292524,
  "mean_abs_error_mean": 11.620792460441589,
  "mean_abs_error_std": 0.6402387084925041,
  "median_abs_error_mean": 8.046261405944826,
  "median_abs_error_std": 1.2463333786160977,
  "overestimate_rate_mean": 0.5359999999999999,
  "overestimate_rate_std": 0.07578918128598565,
  "underestimate_rate_mean": 0.4640000000000001,
  "underestimate_rate_std": 0.07578918128598569,
  "p_abs_error_gt_moderate_mean": 0.6439999999999999,
  "p_abs_error_gt_moderate_std": 0.031368774282716234,
  "p_abs_error_gt_severe_mean": 0.43800000000000006,
  "p_abs_error_gt_severe_std": 0.0523067873224881,
  "p_overestimate_gt_moderate_mean": 0.33799999999999997,
  "p_overestimate_gt_moderate_std": 0.06764613810115104,
  "p_underestimate_lt_neg_moderate_mean": 0.30599999999999994,
  "p_underestimate_lt_neg_moderate_std": 0.07709734106958552,
  "p_overestimate_gt_severe_mean": 0.22799999999999998,
  "p_overestimate_gt_severe_std": 0.057758116312774596,
  "p_underestimate_lt_neg_severe_mean": 0.21000000000000002,
  "p_underestimate_lt_neg_severe_std": 0.09380831519646861,
  "danger_threshold_mean": 20.0,
  "danger_threshold_std": 0.0,
  "danger_num_samples_mean": 16.0,
  "danger_num_samples_std": 0.0,
  "safe_num_samples_mean": 84.0,
  "safe_num_samples_std": 0.0,
  "danger_rmse_mean": 4.092969478118027,
  "danger_rmse_std": 0.9562911214381479,
  "danger_mae_mean": 3.153460663557053,
  "danger_mae_std": 0.5963853378753918,
  "danger_nasa_mean": 6.662601597802532,
  "danger_nasa_std": 2.0100281050746163,
  "danger_mean_error_mean": 2.0044921934604645,
  "danger_mean_error_std": 1.416249078710625,
  "danger_mean_abs_error_mean": 3.153460663557053,
  "danger_mean_abs_error_std": 0.5963853378753918,
  "danger_median_abs_error_mean": 2.4041356086730956,
  "danger_median_abs_error_std": 0.5227719667637992,
  "danger_overestimate_rate_mean": 0.7,
  "danger_overestimate_rate_std": 0.14469796128487783,
  "danger_underestimate_rate_mean": 0.3,
  "danger_underestimate_rate_std": 0.14469796128487783,
  "danger_p_abs_error_gt_moderate_mean": 0.1875,
  "danger_p_abs_error_gt_moderate_std": 0.08838834764831845,
  "danger_p_abs_error_gt_severe_mean": 0.0375,
  "danger_p_abs_error_gt_severe_std": 0.049999999999999996,
  "danger_p_overestimate_gt_moderate_mean": 0.1875,
  "danger_p_overestimate_gt_moderate_std": 0.08838834764831845,
  "danger_p_underestimate_lt_neg_moderate_mean": 0.0,
  "danger_p_underestimate_lt_neg_moderate_std": 0.0,
  "danger_p_overestimate_gt_severe_mean": 0.0375,
  "danger_p_overestimate_gt_severe_std": 0.049999999999999996,
  "danger_p_underestimate_lt_neg_severe_mean": 0.0,
  "danger_p_underestimate_lt_neg_severe_std": 0.0,
  "safe_rmse_mean": 17.288268702037993,
  "safe_rmse_std": 0.9427789548708052,
  "safe_mae_mean": 13.233617564610071,
  "safe_mae_std": 0.7346549202818455,
  "safe_nasa_mean": 502.50008999861166,
  "safe_nasa_std": 160.5703423875638,
  "safe_mean_error_mean": -0.45537300109863327,
  "safe_mean_error_std": 4.371042560762804,
  "safe_mean_abs_error_mean": 13.233617564610071,
  "safe_mean_abs_error_std": 0.7346549202818455,
  "safe_median_abs_error_mean": 10.316112709045413,
  "safe_median_abs_error_std": 0.7922175631208296,
  "safe_overestimate_rate_mean": 0.5047619047619046,
  "safe_overestimate_rate_std": 0.0847164136888438,
  "safe_underestimate_rate_mean": 0.49523809523809526,
  "safe_underestimate_rate_std": 0.08471641368884378,
  "safe_p_abs_error_gt_moderate_mean": 0.730952380952381,
  "safe_p_abs_error_gt_moderate_std": 0.02208004403689454,
  "safe_p_abs_error_gt_severe_mean": 0.5142857142857143,
  "safe_p_abs_error_gt_severe_std": 0.055020095277577834,
  "safe_p_overestimate_gt_moderate_mean": 0.36666666666666664,
  "safe_p_overestimate_gt_moderate_std": 0.08696182079880797,
  "safe_p_underestimate_lt_neg_moderate_mean": 0.36428571428571427,
  "safe_p_underestimate_lt_neg_moderate_std": 0.09178254889236373,
  "safe_p_overestimate_gt_severe_mean": 0.2642857142857143,
  "safe_p_overestimate_gt_severe_std": 0.06875966227711262,
  "safe_p_underestimate_lt_neg_severe_mean": 0.25,
  "safe_p_underestimate_lt_neg_severe_std": 0.11167656571008165,
  "best_run_dir": "seed_21",
  "best_rmse": 14.863513172073645
}