{
  "group": "G2",
  "num_runs": 5,
  "num_samples_mean": 100.0,
  "num_samples_std": 0.0,
  "rmse_mean": 15.4511931184719,
  "rmse_std": 0.9690686266799617,
  "mae_mean": 11.214050487518312,
  "mae_std": 0.7082431548753141,
  "nasa_mean": 526.9067998382137,
  "nasa_std": 209.90570599888994,
  "mean_error_mean": -0.31819333839416497,
  "mean_error_std": 2.235235680263653,
  "mean_abs_error_mean": 11.214050487518312,
  "mean_abs_error_std": 0.7082431548753141,
  "median_abs_error_mean": 8.025370597839355,
  "median_abs_error_std": 0.6546110714210859,
  "overestimate_rate_mean": 0.5280000000000001,
  "overestimate_rate_std": 0.045343136195018556,
  "underestimate_rate_mean": 0.472,
  "underestimate_rate_std": 0.045343136195018556,
  "p_abs_error_gt_moderate_mean": 0.642,
  "p_abs_error_gt_moderate_std": 0.03370459909270543,
  "p_abs_error_gt_severe_mean": 0.414,
  "p_abs_error_gt_severe_std": 0.03498571136907181,
  "p_overestimate_gt_moderate_mean": 0.32400000000000007,
  "p_overestimate_gt_moderate_std": 0.039799497484264805,
  "p_underestimate_lt_neg_moderate_mean": 0.318,
  "p_underestimate_lt_neg_moderate_std": 0.04995998398718718,
  "p_overestimate_gt_severe_mean": 0.20800000000000002,
  "p_overestimate_gt_severe_std": 0.03919183588453085,
  "p_underestimate_lt_neg_severe_mean": 0.20600000000000002,
  "p_underestimate_lt_neg_severe_std": 0.05425863986500213,
  "danger_threshold_mean": 20.0,
  "danger_threshold_std": 0.0,
  "danger_num_samples_mean": 16.0,
  "danger_num_samples_std": 0.0,
  "safe_num_samples_mean": 84.0,
  "safe_num_samples_std": 0.0,
  "danger_rmse_mean": 3.6503300942606045,
  "danger_rmse_std": 0.6084420692256275,
  "danger_mae_mean": 2.7488149404525757,
  "danger_mae_std": 0.435441053632526,
  "danger_nasa_mean": 5.633479223363556,
  "danger_nasa_std": 1.2676232203313127,
  "danger_mean_error_mean": 2.022280728816986,
  "danger_mean_error_std": 0.8244284808336595,
  "danger_mean_abs_error_mean": 2.7488149404525757,
  "danger_mean_abs_error_std": 0.435441053632526,
  "danger_median_abs_error_mean": 2.0362083435058596,
  "danger_median_abs_error_std": 0.4014204044692552,
  "danger_overestimate_rate_mean": 0.7625,
  "danger_overestimate_rate_std": 0.10752906583803283,
  "danger_underestimate_rate_mean": 0.2375,
  "danger_underestimate_rate_std": 0.10752906583803283,
  "danger_p_abs_error_gt_moderate_mean": 0.1875,
  "danger_p_abs_error_gt_moderate_std": 0.06846531968814576,
  "danger_p_abs_error_gt_severe_mean": 0.0125,
  "danger_p_abs_error_gt_severe_std": 0.025,
  "danger_p_overestimate_gt_moderate_mean": 0.1875,
  "danger_p_overestimate_gt_moderate_std": 0.06846531968814576,
  "danger_p_underestimate_lt_neg_moderate_mean": 0.0,
  "danger_p_underestimate_lt_neg_moderate_std": 0.0,
  "danger_p_overestimate_gt_severe_mean": 0.0125,
  "danger_p_overestimate_gt_severe_std": 0.025,
  "danger_p_underestimate_lt_neg_severe_mean": 0.0,
  "danger_p_underestimate_lt_neg_severe_std": 0.0,
  "safe_rmse_mean": 16.78070240960293,
  "safe_rmse_std": 1.063455350682943,
  "safe_mae_mean": 12.82647630600702,
  "safe_mae_std": 0.8166711564958723,
  "safe_nasa_mean": 521.2733206148501,
  "safe_nasa_std": 210.41084638072704,
  "safe_mean_error_mean": -0.7639979226248602,
  "safe_mean_error_std": 2.6487906650311257,
  "safe_mean_abs_error_mean": 12.82647630600702,
  "safe_mean_abs_error_std": 0.8166711564958723,
  "safe_median_abs_error_mean": 10.146102714538575,
  "safe_median_abs_error_std": 1.1133194091709935,
  "safe_overestimate_rate_mean": 0.4833333333333333,
  "safe_overestimate_rate_std": 0.0442882743755673,
  "safe_underestimate_rate_mean": 0.5166666666666667,
  "safe_underestimate_rate_std": 0.044288274375567316,
  "safe_p_abs_error_gt_moderate_mean": 0.7285714285714286,
  "safe_p_abs_error_gt_moderate_std": 0.0285714285714286,
  "safe_p_abs_error_gt_severe_mean": 0.4904761904761905,
  "safe_p_abs_error_gt_severe_std": 0.04219058368254607,
  "safe_p_overestimate_gt_moderate_mean": 0.35,
  "safe_p_overestimate_gt_moderate_std": 0.04492371967646001,
  "safe_p_underestimate_lt_neg_moderate_mean": 0.37857142857142856,
  "safe_p_underestimate_lt_neg_moderate_std": 0.05947617141331807,
  "safe_p_overestimate_gt_severe_mean": 0.24523809523809526,
  "safe_p_overestimate_gt_severe_std": 0.04298921448873283,
  "safe_p_underestimate_lt_neg_severe_mean": 0.2452380952380952,
  "safe_p_underestimate_lt_neg_severe_std": 0.06459361888690732,
  "best_run_dir": "seed_7",
  "best_rmse": 14.569152756664046
}