{
  "group": "G4",
  "scenario": "A_sigma_5",
  "seed": 0,
  "a_tag": "a_0p07",
  "linex_a": 0.07,
  "best_epoch": 12,
  "best_val_rmse": 4.998329162597656,
  "train_run_id": "20260328_001524_831030",
  "train_config": {
    "output_root": "outputs_v2/round8_toy_mechanism",
    "sequence_length": 50,
    "batch_size": 256,
    "epochs": 20,
    "lr": 0.001,
    "weight_decay": 1e-05,
    "hidden_size": 64,
    "lstm_layers": 2,
    "dropout": 0.2,
    "cnn_channels": 64,
    "cnn_kernel_size": 5,
    "dense_size": 64,
    "grad_clip": 5.0,
    "mcd_samples": 50,
    "linex_a": 0.04,
    "seed_list": [
      0,
      1,
      2
    ],
    "num_workers": 0
  },
  "metrics": {
    "rmse": 4.92421293258667,
    "mae": 3.7198591232299805,
    "nasa": 2141.325439453125,
    "bias": -1.4660061597824097,
    "over_rate": 0.3795418641390205,
    "danger_over_5": 0.06437598736176935,
    "danger_over_10": 0.005529225908372828,
    "pred_std_mean": 5.379356861114502,
    "pred_std_p90": 9.67297077178955
  },
  "group_settings": {
    "loss": "linex",
    "use_mcd": true
  },
  "scaler": {
    "mean": [
      0.5336688160896301,
      -0.0053470199927687645,
      0.4236750900745392,
      0.5283626914024353,
      0.2664426565170288,
      0.0009800913976505399
    ],
    "std": [
      0.3297370672225952,
      0.001761515042744577,
      0.4001171588897705,
      0.4096904993057251,
      0.2960934638977051,
      0.04338177293539047
    ]
  }
}